/home/jfrancis/Downloads/IMG/center_2021_02_04_12_35_59_178.jpg,/home/jfrancis/Downloads/IMG/left_2021_02_04_12_35_59_178.jpg,/home/jfrancis/Downloads/IMG/right_2021_02_04_12_35_59_178.jpg,-0.04705882,1,0,30.19024
/home/jfrancis/Downloads/IMG/center_2021_02_04_12_35_59_248.jpg,/home/jfrancis/Downloads/IMG/left_2021_02_04_12_35_59_248.jpg,/home/jfrancis/Downloads/IMG/right_2021_02_04_12_35_59_248.jpg,-0.02941176,1,0,30.19045
/home/jfrancis/Downloads/IMG/center_2021_02_04_12_35_59_321.jpg,/home/jfrancis/Downloads/IMG/left_2021_02_04_12_35_59_321.jpg,/home/jfrancis/Downloads/IMG/right_2021_02_04_12_35_59_321.jpg,-0.02352941,1,0,30.19034
/home/jfrancis/Downloads/IMG/center_2021_02_04_12_35_59_394.jpg,/home/jfrancis/Downloads/IMG/left_2021_02_04_12_35_59_394.jpg,/home/jfrancis/Downloads/IMG/right_2021_02_04_12_35_59_394.jpg,-0.02352941,1,0,30.19031
/home/jfrancis/Downloads/IMG/center_2021_02_04_12_35_59_463.jpg,/home/jfrancis/Downloads/IMG/left_2021_02_04_12_35_59_463.jpg,/home/jfrancis/Downloads/IMG/right_2021_02_04_12_35_59_463.jpg,-0.02352941,1,0,30.19032
/home/jfrancis/Downloads/IMG/center_2021_02_04_12_35_59_540.jpg,/home/jfrancis/Downloads/IMG/left_2021_02_04_12_35_59_540.jpg,/home/jfrancis/Downloads/IMG/right_2021_02_04_12_35_59_540.jpg,-0.02352941,1,0,30.19035
/home/jfrancis/Downloads/IMG/center_2021_02_04_12_35_59_618.jpg,/home/jfrancis/Downloads/IMG/left_2021_02_04_12_35_59_618.jpg,/home/jfrancis/Downloads/IMG/right_2021_02_04_12_35_59_618.jpg,-0.02352941,1,0,30.19042
/home/jfrancis/Downloads/IMG/center_2021_02_04_12_35_59_685.jpg,/home/jfrancis/Downloads/IMG/left_2021_02_04_12_35_59_685.jpg,/home/jfrancis/Downloads/IMG/right_2021_02_04_12_35_59_685.jpg,-0.02352941,1,0,30.19028
/home/jfrancis/Downloads/IMG/center_2021_02_04_12_35_59_753.jpg,/home/jfrancis/Downloads/IMG/left_2021_02_04_12_35_59_753.jpg,/home/jfrancis/Downloads/IMG/right_2021_02_04_12_35_59_753.jpg,-0.02352941,1,0,30.19028
/home/jfrancis/Downloads/IMG/center_2021_02_04_12_35_59_831.jpg,/home/jfrancis/Downloads/IMG/left_2021_02_04_12_35_59_831.jpg,/home/jfrancis/Downloads/IMG/right_2021_02_04_12_35_59_831.jpg,-0.02352941,1,0,30.19026
/home/jfrancis/Downloads/IMG/center_2021_02_04_12_35_59_899.jpg,/home/jfrancis/Downloads/IMG/left_2021_02_04_12_35_59_899.jpg,/home/jfrancis/Downloads/IMG/right_2021_02_04_12_35_59_899.jpg,-0.02352941,1,0,30.19029
/home/jfrancis/Downloads/IMG/center_2021_02_04_12_35_59_970.jpg,/home/jfrancis/Downloads/IMG/left_2021_02_04_12_35_59_970.jpg,/home/jfrancis/Downloads/IMG/right_2021_02_04_12_35_59_970.jpg,-0.02352941,1,0,30.1903
/home/jfrancis/Downloads/IMG/center_2021_02_04_12_36_00_037.jpg,/home/jfrancis/Downloads/IMG/left_2021_02_04_12_36_00_037.jpg,/home/jfrancis/Downloads/IMG/right_2021_02_04_12_36_00_037.jpg,-0.02352941,1,0,30.19027
/home/jfrancis/Downloads/IMG/center_2021_02_04_12_36_00_105.jpg,/home/jfrancis/Downloads/IMG/left_2021_02_04_12_36_00_105.jpg,/home/jfrancis/Downloads/IMG/right_2021_02_04_12_36_00_105.jpg,-0.02352941,1,0,30.19026
/home/jfrancis/Downloads/IMG/center_2021_02_04_12_36_00_176.jpg,/home/jfrancis/Downloads/IMG/left_2021_02_04_12_36_00_176.jpg,/home/jfrancis/Downloads/IMG/right_2021_02_04_12_36_00_176.jpg,-0.02352941,1,0,30.19029
/home/jfrancis/Downloads/IMG/center_2021_02_04_12_36_00_254.jpg,/home/jfrancis/Downloads/IMG/left_2021_02_04_12_36_00_254.jpg,/home/jfrancis/Downloads/IMG/right_2021_02_04_12_36_00_254.jpg,-0.02352941,1,0,30.19032
/home/jfrancis/Downloads/IMG/center_2021_02_04_12_36_00_321.jpg,/home/jfrancis/Downloads/IMG/left_2021_02_04_12_36_00_321.jpg,/home/jfrancis/Downloads/IMG/right_2021_02_04_12_36_00_321.jpg,-0.02352941,1,0,30.19032
/home/jfrancis/Downloads/IMG/center_2021_02_04_12_36_00_388.jpg,/home/jfrancis/Downloads/IMG/left_2021_02_04_12_36_00_388.jpg,/home/jfrancis/Downloads/IMG/right_2021_02_04_12_36_00_388.jpg,-0.02352941,1,0,30.19029
/home/jfrancis/Downloads/IMG/center_2021_02_04_12_36_00_464.jpg,/home/jfrancis/Downloads/IMG/left_2021_02_04_12_36_00_464.jpg,/home/jfrancis/Downloads/IMG/right_2021_02_04_12_36_00_464.jpg,-0.02352941,1,0,30.19031
/home/jfrancis/Downloads/IMG/center_2021_02_04_12_36_00_541.jpg,/home/jfrancis/Downloads/IMG/left_2021_02_04_12_36_00_541.jpg,/home/jfrancis/Downloads/IMG/right_2021_02_04_12_36_00_541.jpg,-0.02352941,1,0,30.19029
/home/jfrancis/Downloads/IMG/center_2021_02_04_12_36_00_608.jpg,/home/jfrancis/Downloads/IMG/left_2021_02_04_12_36_00_608.jpg,/home/jfrancis/Downloads/IMG/right_2021_02_04_12_36_00_608.jpg,-0.02352941,1,0,30.19028
/home/jfrancis/Downloads/IMG/center_2021_02_04_12_36_00_684.jpg,/home/jfrancis/Downloads/IMG/left_2021_02_04_12_36_00_684.jpg,/home/jfrancis/Downloads/IMG/right_2021_02_04_12_36_00_684.jpg,-0.02352941,1,0,30.19029
/home/jfrancis/Downloads/IMG/center_2021_02_04_12_36_00_756.jpg,/home/jfrancis/Downloads/IMG/left_2021_02_04_12_36_00_756.jpg,/home/jfrancis/Downloads/IMG/right_2021_02_04_12_36_00_756.jpg,-0.02352941,1,0,30.1903
/home/jfrancis/Downloads/IMG/center_2021_02_04_12_36_00_830.jpg,/home/jfrancis/Downloads/IMG/left_2021_02_04_12_36_00_830.jpg,/home/jfrancis/Downloads/IMG/right_2021_02_04_12_36_00_830.jpg,-0.02352941,1,0,30.19032
/home/jfrancis/Downloads/IMG/center_2021_02_04_12_36_00_903.jpg,/home/jfrancis/Downloads/IMG/left_2021_02_04_12_36_00_903.jpg,/home/jfrancis/Downloads/IMG/right_2021_02_04_12_36_00_903.jpg,-0.02352941,1,0,30.19029
/home/jfrancis/Downloads/IMG/center_2021_02_04_12_36_00_979.jpg,/home/jfrancis/Downloads/IMG/left_2021_02_04_12_36_00_979.jpg,/home/jfrancis/Downloads/IMG/right_2021_02_04_12_36_00_979.jpg,-0.02352941,1,0,30.1903
/home/jfrancis/Downloads/IMG/center_2021_02_04_12_36_01_051.jpg,/home/jfrancis/Downloads/IMG/left_2021_02_04_12_36_01_051.jpg,/home/jfrancis/Downloads/IMG/right_2021_02_04_12_36_01_051.jpg,-0.02352941,1,0,30.19027
/home/jfrancis/Downloads/IMG/center_2021_02_04_12_36_01_126.jpg,/home/jfrancis/Downloads/IMG/left_2021_02_04_12_36_01_126.jpg,/home/jfrancis/Downloads/IMG/right_2021_02_04_12_36_01_126.jpg,-0.02352941,1,0,30.19027
/home/jfrancis/Downloads/IMG/center_2021_02_04_12_36_01_198.jpg,/home/jfrancis/Downloads/IMG/left_2021_02_04_12_36_01_198.jpg,/home/jfrancis/Downloads/IMG/right_2021_02_04_12_36_01_198.jpg,-0.02352941,1,0,30.19025
/home/jfrancis/Downloads/IMG/center_2021_02_04_12_36_01_271.jpg,/home/jfrancis/Downloads/IMG/left_2021_02_04_12_36_01_271.jpg,/home/jfrancis/Downloads/IMG/right_2021_02_04_12_36_01_271.jpg,-0.01764706,1,0,30.19032
/home/jfrancis/Downloads/IMG/center_2021_02_04_12_36_01_349.jpg,/home/jfrancis/Downloads/IMG/left_2021_02_04_12_36_01_349.jpg,/home/jfrancis/Downloads/IMG/right_2021_02_04_12_36_01_349.jpg,-0.01176471,1,0,30.19032
/home/jfrancis/Downloads/IMG/center_2021_02_04_12_36_01_424.jpg,/home/jfrancis/Downloads/IMG/left_2021_02_04_12_36_01_424.jpg,/home/jfrancis/Downloads/IMG/right_2021_02_04_12_36_01_424.jpg,-0.01176471,1,0,30.19028
/home/jfrancis/Downloads/IMG/center_2021_02_04_12_36_01_496.jpg,/home/jfrancis/Downloads/IMG/left_2021_02_04_12_36_01_496.jpg,/home/jfrancis/Downloads/IMG/right_2021_02_04_12_36_01_496.jpg,-0.01176471,1,0,30.19034
/home/jfrancis/Downloads/IMG/center_2021_02_04_12_36_01_573.jpg,/home/jfrancis/Downloads/IMG/left_2021_02_04_12_36_01_573.jpg,/home/jfrancis/Downloads/IMG/right_2021_02_04_12_36_01_573.jpg,-0.01176471,1,0,30.19028
/home/jfrancis/Downloads/IMG/center_2021_02_04_12_36_01_654.jpg,/home/jfrancis/Downloads/IMG/left_2021_02_04_12_36_01_654.jpg,/home/jfrancis/Downloads/IMG/right_2021_02_04_12_36_01_654.jpg,-0.01176471,1,0,30.19028
/home/jfrancis/Downloads/IMG/center_2021_02_04_12_36_01_722.jpg,/home/jfrancis/Downloads/IMG/left_2021_02_04_12_36_01_722.jpg,/home/jfrancis/Downloads/IMG/right_2021_02_04_12_36_01_722.jpg,-0.01176471,1,0,30.19028
/home/jfrancis/Downloads/IMG/center_2021_02_04_12_36_01_801.jpg,/home/jfrancis/Downloads/IMG/left_2021_02_04_12_36_01_801.jpg,/home/jfrancis/Downloads/IMG/right_2021_02_04_12_36_01_801.jpg,-0.01176471,1,0,30.19024
/home/jfrancis/Downloads/IMG/center_2021_02_04_12_36_01_870.jpg,/home/jfrancis/Downloads/IMG/left_2021_02_04_12_36_01_870.jpg,/home/jfrancis/Downloads/IMG/right_2021_02_04_12_36_01_870.jpg,-0.01176471,1,0,30.19032
/home/jfrancis/Downloads/IMG/center_2021_02_04_12_36_01_939.jpg,/home/jfrancis/Downloads/IMG/left_2021_02_04_12_36_01_939.jpg,/home/jfrancis/Downloads/IMG/right_2021_02_04_12_36_01_939.jpg,-0.01176471,1,0,30.19031
/home/jfrancis/Downloads/IMG/center_2021_02_04_12_36_02_010.jpg,/home/jfrancis/Downloads/IMG/left_2021_02_04_12_36_02_010.jpg,/home/jfrancis/Downloads/IMG/right_2021_02_04_12_36_02_010.jpg,0,1,0,30.19028
/home/jfrancis/Downloads/IMG/center_2021_02_04_12_36_02_081.jpg,/home/jfrancis/Downloads/IMG/left_2021_02_04_12_36_02_081.jpg,/home/jfrancis/Downloads/IMG/right_2021_02_04_12_36_02_081.jpg,0,1,0,30.19032
/home/jfrancis/Downloads/IMG/center_2021_02_04_12_36_02_148.jpg,/home/jfrancis/Downloads/IMG/left_2021_02_04_12_36_02_148.jpg,/home/jfrancis/Downloads/IMG/right_2021_02_04_12_36_02_148.jpg,0,1,0,30.1903
/home/jfrancis/Downloads/IMG/center_2021_02_04_12_36_02_216.jpg,/home/jfrancis/Downloads/IMG/left_2021_02_04_12_36_02_216.jpg,/home/jfrancis/Downloads/IMG/right_2021_02_04_12_36_02_216.jpg,0,1,0,30.19029
/home/jfrancis/Downloads/IMG/center_2021_02_04_12_36_02_284.jpg,/home/jfrancis/Downloads/IMG/left_2021_02_04_12_36_02_284.jpg,/home/jfrancis/Downloads/IMG/right_2021_02_04_12_36_02_284.jpg,0,1,0,30.1903
/home/jfrancis/Downloads/IMG/center_2021_02_04_12_36_02_357.jpg,/home/jfrancis/Downloads/IMG/left_2021_02_04_12_36_02_357.jpg,/home/jfrancis/Downloads/IMG/right_2021_02_04_12_36_02_357.jpg,0,1,0,30.19027
/home/jfrancis/Downloads/IMG/center_2021_02_04_12_36_02_431.jpg,/home/jfrancis/Downloads/IMG/left_2021_02_04_12_36_02_431.jpg,/home/jfrancis/Downloads/IMG/right_2021_02_04_12_36_02_431.jpg,0,1,0,30.19029
/home/jfrancis/Downloads/IMG/center_2021_02_04_12_36_02_501.jpg,/home/jfrancis/Downloads/IMG/left_2021_02_04_12_36_02_501.jpg,/home/jfrancis/Downloads/IMG/right_2021_02_04_12_36_02_501.jpg,0,1,0,30.1904
/home/jfrancis/Downloads/IMG/center_2021_02_04_12_36_02_580.jpg,/home/jfrancis/Downloads/IMG/left_2021_02_04_12_36_02_580.jpg,/home/jfrancis/Downloads/IMG/right_2021_02_04_12_36_02_580.jpg,0,1,0,30.19032
/home/jfrancis/Downloads/IMG/center_2021_02_04_12_36_02_657.jpg,/home/jfrancis/Downloads/IMG/left_2021_02_04_12_36_02_657.jpg,/home/jfrancis/Downloads/IMG/right_2021_02_04_12_36_02_657.jpg,0,1,0,30.19027
/home/jfrancis/Downloads/IMG/center_2021_02_04_12_36_02_736.jpg,/home/jfrancis/Downloads/IMG/left_2021_02_04_12_36_02_736.jpg,/home/jfrancis/Downloads/IMG/right_2021_02_04_12_36_02_736.jpg,-0.005882353,1,0,30.19048
/home/jfrancis/Downloads/IMG/center_2021_02_04_12_36_02_803.jpg,/home/jfrancis/Downloads/IMG/left_2021_02_04_12_36_02_803.jpg,/home/jfrancis/Downloads/IMG/right_2021_02_04_12_36_02_803.jpg,-0.01176471,1,0,30.19025
/home/jfrancis/Downloads/IMG/center_2021_02_04_12_36_02_870.jpg,/home/jfrancis/Downloads/IMG/left_2021_02_04_12_36_02_870.jpg,/home/jfrancis/Downloads/IMG/right_2021_02_04_12_36_02_870.jpg,-0.01764706,1,0,30.19025
/home/jfrancis/Downloads/IMG/center_2021_02_04_12_36_02_949.jpg,/home/jfrancis/Downloads/IMG/left_2021_02_04_12_36_02_949.jpg,/home/jfrancis/Downloads/IMG/right_2021_02_04_12_36_02_949.jpg,-0.01764706,1,0,30.19032
/home/jfrancis/Downloads/IMG/center_2021_02_04_12_36_03_027.jpg,/home/jfrancis/Downloads/IMG/left_2021_02_04_12_36_03_027.jpg,/home/jfrancis/Downloads/IMG/right_2021_02_04_12_36_03_027.jpg,-0.01764706,1,0,30.19027
/home/jfrancis/Downloads/IMG/center_2021_02_04_12_36_03_104.jpg,/home/jfrancis/Downloads/IMG/left_2021_02_04_12_36_03_104.jpg,/home/jfrancis/Downloads/IMG/right_2021_02_04_12_36_03_104.jpg,-0.01764706,1,0,30.19031
/home/jfrancis/Downloads/IMG/center_2021_02_04_12_36_03_178.jpg,/home/jfrancis/Downloads/IMG/left_2021_02_04_12_36_03_178.jpg,/home/jfrancis/Downloads/IMG/right_2021_02_04_12_36_03_178.jpg,-0.01764706,1,0,30.19027
/home/jfrancis/Downloads/IMG/center_2021_02_04_12_36_03_250.jpg,/home/jfrancis/Downloads/IMG/left_2021_02_04_12_36_03_250.jpg,/home/jfrancis/Downloads/IMG/right_2021_02_04_12_36_03_250.jpg,-0.01764706,1,0,30.19029
/home/jfrancis/Downloads/IMG/center_2021_02_04_12_36_03_329.jpg,/home/jfrancis/Downloads/IMG/left_2021_02_04_12_36_03_329.jpg,/home/jfrancis/Downloads/IMG/right_2021_02_04_12_36_03_329.jpg,-0.01764706,1,0,30.19027
/home/jfrancis/Downloads/IMG/center_2021_02_04_12_36_03_396.jpg,/home/jfrancis/Downloads/IMG/left_2021_02_04_12_36_03_396.jpg,/home/jfrancis/Downloads/IMG/right_2021_02_04_12_36_03_396.jpg,-0.01764706,1,0,30.19028
/home/jfrancis/Downloads/IMG/center_2021_02_04_12_36_03_473.jpg,/home/jfrancis/Downloads/IMG/left_2021_02_04_12_36_03_473.jpg,/home/jfrancis/Downloads/IMG/right_2021_02_04_12_36_03_473.jpg,-0.01764706,1,0,30.19031
/home/jfrancis/Downloads/IMG/center_2021_02_04_12_36_03_550.jpg,/home/jfrancis/Downloads/IMG/left_2021_02_04_12_36_03_550.jpg,/home/jfrancis/Downloads/IMG/right_2021_02_04_12_36_03_550.jpg,-0.01764706,1,0,30.19026
/home/jfrancis/Downloads/IMG/center_2021_02_04_12_36_03_629.jpg,/home/jfrancis/Downloads/IMG/left_2021_02_04_12_36_03_629.jpg,/home/jfrancis/Downloads/IMG/right_2021_02_04_12_36_03_629.jpg,-0.01764706,1,0,30.19029
/home/jfrancis/Downloads/IMG/center_2021_02_04_12_36_03_707.jpg,/home/jfrancis/Downloads/IMG/left_2021_02_04_12_36_03_707.jpg,/home/jfrancis/Downloads/IMG/right_2021_02_04_12_36_03_707.jpg,-0.02941176,1,0,30.19025
/home/jfrancis/Downloads/IMG/center_2021_02_04_12_36_03_784.jpg,/home/jfrancis/Downloads/IMG/left_2021_02_04_12_36_03_784.jpg,/home/jfrancis/Downloads/IMG/right_2021_02_04_12_36_03_784.jpg,-0.02941176,1,0,30.19023
/home/jfrancis/Downloads/IMG/center_2021_02_04_12_36_03_851.jpg,/home/jfrancis/Downloads/IMG/left_2021_02_04_12_36_03_851.jpg,/home/jfrancis/Downloads/IMG/right_2021_02_04_12_36_03_851.jpg,-0.02941176,1,0,30.19017
/home/jfrancis/Downloads/IMG/center_2021_02_04_12_36_03_926.jpg,/home/jfrancis/Downloads/IMG/left_2021_02_04_12_36_03_926.jpg,/home/jfrancis/Downloads/IMG/right_2021_02_04_12_36_03_926.jpg,-0.02941176,1,0,30.19025
/home/jfrancis/Downloads/IMG/center_2021_02_04_12_36_03_993.jpg,/home/jfrancis/Downloads/IMG/left_2021_02_04_12_36_03_993.jpg,/home/jfrancis/Downloads/IMG/right_2021_02_04_12_36_03_993.jpg,-0.02941176,1,0,30.19027
/home/jfrancis/Downloads/IMG/center_2021_02_04_12_36_04_070.jpg,/home/jfrancis/Downloads/IMG/left_2021_02_04_12_36_04_070.jpg,/home/jfrancis/Downloads/IMG/right_2021_02_04_12_36_04_070.jpg,-0.02941176,1,0,30.19025
/home/jfrancis/Downloads/IMG/center_2021_02_04_12_36_04_145.jpg,/home/jfrancis/Downloads/IMG/left_2021_02_04_12_36_04_145.jpg,/home/jfrancis/Downloads/IMG/right_2021_02_04_12_36_04_145.jpg,-0.02941176,1,0,30.19027
/home/jfrancis/Downloads/IMG/center_2021_02_04_12_36_04_222.jpg,/home/jfrancis/Downloads/IMG/left_2021_02_04_12_36_04_222.jpg,/home/jfrancis/Downloads/IMG/right_2021_02_04_12_36_04_222.jpg,-0.02941176,1,0,30.19025
/home/jfrancis/Downloads/IMG/center_2021_02_04_12_36_04_296.jpg,/home/jfrancis/Downloads/IMG/left_2021_02_04_12_36_04_296.jpg,/home/jfrancis/Downloads/IMG/right_2021_02_04_12_36_04_296.jpg,-0.02941176,1,0,30.19027
/home/jfrancis/Downloads/IMG/center_2021_02_04_12_36_04_373.jpg,/home/jfrancis/Downloads/IMG/left_2021_02_04_12_36_04_373.jpg,/home/jfrancis/Downloads/IMG/right_2021_02_04_12_36_04_373.jpg,-0.02941176,1,0,30.19024
/home/jfrancis/Downloads/IMG/center_2021_02_04_12_36_04_448.jpg,/home/jfrancis/Downloads/IMG/left_2021_02_04_12_36_04_448.jpg,/home/jfrancis/Downloads/IMG/right_2021_02_04_12_36_04_448.jpg,-0.02941176,1,0,30.19025
/home/jfrancis/Downloads/IMG/center_2021_02_04_12_36_04_523.jpg,/home/jfrancis/Downloads/IMG/left_2021_02_04_12_36_04_523.jpg,/home/jfrancis/Downloads/IMG/right_2021_02_04_12_36_04_523.jpg,-0.02941176,1,0,30.19026
/home/jfrancis/Downloads/IMG/center_2021_02_04_12_36_04_598.jpg,/home/jfrancis/Downloads/IMG/left_2021_02_04_12_36_04_598.jpg,/home/jfrancis/Downloads/IMG/right_2021_02_04_12_36_04_598.jpg,-0.02941176,1,0,30.1903
/home/jfrancis/Downloads/IMG/center_2021_02_04_12_36_04_673.jpg,/home/jfrancis/Downloads/IMG/left_2021_02_04_12_36_04_673.jpg,/home/jfrancis/Downloads/IMG/right_2021_02_04_12_36_04_673.jpg,-0.02941176,1,0,30.19028
/home/jfrancis/Downloads/IMG/center_2021_02_04_12_36_04_744.jpg,/home/jfrancis/Downloads/IMG/left_2021_02_04_12_36_04_744.jpg,/home/jfrancis/Downloads/IMG/right_2021_02_04_12_36_04_744.jpg,-0.02941176,1,0,30.19031
/home/jfrancis/Downloads/IMG/center_2021_02_04_12_36_04_815.jpg,/home/jfrancis/Downloads/IMG/left_2021_02_04_12_36_04_815.jpg,/home/jfrancis/Downloads/IMG/right_2021_02_04_12_36_04_815.jpg,-0.02352941,1,0,30.1903
/home/jfrancis/Downloads/IMG/center_2021_02_04_12_36_04_891.jpg,/home/jfrancis/Downloads/IMG/left_2021_02_04_12_36_04_891.jpg,/home/jfrancis/Downloads/IMG/right_2021_02_04_12_36_04_891.jpg,-0.02352941,1,0,30.1903
/home/jfrancis/Downloads/IMG/center_2021_02_04_12_36_04_960.jpg,/home/jfrancis/Downloads/IMG/left_2021_02_04_12_36_04_960.jpg,/home/jfrancis/Downloads/IMG/right_2021_02_04_12_36_04_960.jpg,-0.005882353,1,0,30.19027
/home/jfrancis/Downloads/IMG/center_2021_02_04_12_36_05_028.jpg,/home/jfrancis/Downloads/IMG/left_2021_02_04_12_36_05_028.jpg,/home/jfrancis/Downloads/IMG/right_2021_02_04_12_36_05_028.jpg,-0.005882353,1,0,30.19031
/home/jfrancis/Downloads/IMG/center_2021_02_04_12_36_05_097.jpg,/home/jfrancis/Downloads/IMG/left_2021_02_04_12_36_05_097.jpg,/home/jfrancis/Downloads/IMG/right_2021_02_04_12_36_05_097.jpg,-0.005882353,1,0,30.19027
/home/jfrancis/Downloads/IMG/center_2021_02_04_12_36_05_169.jpg,/home/jfrancis/Downloads/IMG/left_2021_02_04_12_36_05_169.jpg,/home/jfrancis/Downloads/IMG/right_2021_02_04_12_36_05_169.jpg,-0.005882353,1,0,30.19032
/home/jfrancis/Downloads/IMG/center_2021_02_04_12_36_05_242.jpg,/home/jfrancis/Downloads/IMG/left_2021_02_04_12_36_05_242.jpg,/home/jfrancis/Downloads/IMG/right_2021_02_04_12_36_05_242.jpg,-0.005882353,1,0,30.19029
/home/jfrancis/Downloads/IMG/center_2021_02_04_12_36_05_314.jpg,/home/jfrancis/Downloads/IMG/left_2021_02_04_12_36_05_314.jpg,/home/jfrancis/Downloads/IMG/right_2021_02_04_12_36_05_314.jpg,-0.005882353,1,0,30.19052
/home/jfrancis/Downloads/IMG/center_2021_02_04_12_36_05_389.jpg,/home/jfrancis/Downloads/IMG/left_2021_02_04_12_36_05_389.jpg,/home/jfrancis/Downloads/IMG/right_2021_02_04_12_36_05_389.jpg,-0.005882353,1,0,30.19033
/home/jfrancis/Downloads/IMG/center_2021_02_04_12_36_05_464.jpg,/home/jfrancis/Downloads/IMG/left_2021_02_04_12_36_05_464.jpg,/home/jfrancis/Downloads/IMG/right_2021_02_04_12_36_05_464.jpg,-0.005882353,1,0,30.19032
/home/jfrancis/Downloads/IMG/center_2021_02_04_12_36_05_540.jpg,/home/jfrancis/Downloads/IMG/left_2021_02_04_12_36_05_540.jpg,/home/jfrancis/Downloads/IMG/right_2021_02_04_12_36_05_540.jpg,-0.005882353,1,0,30.1903
/home/jfrancis/Downloads/IMG/center_2021_02_04_12_36_05_620.jpg,/home/jfrancis/Downloads/IMG/left_2021_02_04_12_36_05_620.jpg,/home/jfrancis/Downloads/IMG/right_2021_02_04_12_36_05_620.jpg,-0.005882353,1,0,30.19024
/home/jfrancis/Downloads/IMG/center_2021_02_04_12_36_05_699.jpg,/home/jfrancis/Downloads/IMG/left_2021_02_04_12_36_05_699.jpg,/home/jfrancis/Downloads/IMG/right_2021_02_04_12_36_05_699.jpg,-0.005882353,1,0,30.19029
/home/jfrancis/Downloads/IMG/center_2021_02_04_12_36_05_767.jpg,/home/jfrancis/Downloads/IMG/left_2021_02_04_12_36_05_767.jpg,/home/jfrancis/Downloads/IMG/right_2021_02_04_12_36_05_767.jpg,-0.005882353,1,0,30.19035
/home/jfrancis/Downloads/IMG/center_2021_02_04_12_36_05_844.jpg,/home/jfrancis/Downloads/IMG/left_2021_02_04_12_36_05_844.jpg,/home/jfrancis/Downloads/IMG/right_2021_02_04_12_36_05_844.jpg,-0.005882353,1,0,30.19029
/home/jfrancis/Downloads/IMG/center_2021_02_04_12_36_05_917.jpg,/home/jfrancis/Downloads/IMG/left_2021_02_04_12_36_05_917.jpg,/home/jfrancis/Downloads/IMG/right_2021_02_04_12_36_05_917.jpg,-0.01176471,1,0,30.19029
/home/jfrancis/Downloads/IMG/center_2021_02_04_12_36_05_993.jpg,/home/jfrancis/Downloads/IMG/left_2021_02_04_12_36_05_993.jpg,/home/jfrancis/Downloads/IMG/right_2021_02_04_12_36_05_993.jpg,-0.02941176,1,0,30.19015
/home/jfrancis/Downloads/IMG/center_2021_02_04_12_36_06_070.jpg,/home/jfrancis/Downloads/IMG/left_2021_02_04_12_36_06_070.jpg,/home/jfrancis/Downloads/IMG/right_2021_02_04_12_36_06_070.jpg,-0.03529412,1,0,30.19018
/home/jfrancis/Downloads/IMG/center_2021_02_04_12_36_06_147.jpg,/home/jfrancis/Downloads/IMG/left_2021_02_04_12_36_06_147.jpg,/home/jfrancis/Downloads/IMG/right_2021_02_04_12_36_06_147.jpg,-0.04117647,1,0,30.19012
/home/jfrancis/Downloads/IMG/center_2021_02_04_12_36_06_222.jpg,/home/jfrancis/Downloads/IMG/left_2021_02_04_12_36_06_222.jpg,/home/jfrancis/Downloads/IMG/right_2021_02_04_12_36_06_222.jpg,-0.04117647,1,0,30.1902
/home/jfrancis/Downloads/IMG/center_2021_02_04_12_36_06_301.jpg,/home/jfrancis/Downloads/IMG/left_2021_02_04_12_36_06_301.jpg,/home/jfrancis/Downloads/IMG/right_2021_02_04_12_36_06_301.jpg,-0.04117647,1,0,30.19012
/home/jfrancis/Downloads/IMG/center_2021_02_04_12_36_06_368.jpg,/home/jfrancis/Downloads/IMG/left_2021_02_04_12_36_06_368.jpg,/home/jfrancis/Downloads/IMG/right_2021_02_04_12_36_06_368.jpg,-0.04117647,1,0,30.19027
/home/jfrancis/Downloads/IMG/center_2021_02_04_12_36_06_447.jpg,/home/jfrancis/Downloads/IMG/left_2021_02_04_12_36_06_447.jpg,/home/jfrancis/Downloads/IMG/right_2021_02_04_12_36_06_447.jpg,-0.04117647,1,0,30.19025
/home/jfrancis/Downloads/IMG/center_2021_02_04_12_36_06_520.jpg,/home/jfrancis/Downloads/IMG/left_2021_02_04_12_36_06_520.jpg,/home/jfrancis/Downloads/IMG/right_2021_02_04_12_36_06_520.jpg,-0.04117647,1,0,30.19035
/home/jfrancis/Downloads/IMG/center_2021_02_04_12_36_06_593.jpg,/home/jfrancis/Downloads/IMG/left_2021_02_04_12_36_06_593.jpg,/home/jfrancis/Downloads/IMG/right_2021_02_04_12_36_06_593.jpg,-0.04117647,1,0,30.19024
/home/jfrancis/Downloads/IMG/center_2021_02_04_12_36_06_663.jpg,/home/jfrancis/Downloads/IMG/left_2021_02_04_12_36_06_663.jpg,/home/jfrancis/Downloads/IMG/right_2021_02_04_12_36_06_663.jpg,-0.04117647,1,0,30.19024
/home/jfrancis/Downloads/IMG/center_2021_02_04_12_36_06_732.jpg,/home/jfrancis/Downloads/IMG/left_2021_02_04_12_36_06_732.jpg,/home/jfrancis/Downloads/IMG/right_2021_02_04_12_36_06_732.jpg,-0.04117647,1,0,30.19026
/home/jfrancis/Downloads/IMG/center_2021_02_04_12_36_06_809.jpg,/home/jfrancis/Downloads/IMG/left_2021_02_04_12_36_06_809.jpg,/home/jfrancis/Downloads/IMG/right_2021_02_04_12_36_06_809.jpg,-0.04117647,1,0,30.19027
/home/jfrancis/Downloads/IMG/center_2021_02_04_12_36_06_877.jpg,/home/jfrancis/Downloads/IMG/left_2021_02_04_12_36_06_877.jpg,/home/jfrancis/Downloads/IMG/right_2021_02_04_12_36_06_877.jpg,-0.04117647,1,0,30.19026
/home/jfrancis/Downloads/IMG/center_2021_02_04_12_36_06_954.jpg,/home/jfrancis/Downloads/IMG/left_2021_02_04_12_36_06_954.jpg,/home/jfrancis/Downloads/IMG/right_2021_02_04_12_36_06_954.jpg,-0.03529412,1,0,30.19036
/home/jfrancis/Downloads/IMG/center_2021_02_04_12_36_07_030.jpg,/home/jfrancis/Downloads/IMG/left_2021_02_04_12_36_07_030.jpg,/home/jfrancis/Downloads/IMG/right_2021_02_04_12_36_07_030.jpg,-0.03529412,1,0,30.19031
/home/jfrancis/Downloads/IMG/center_2021_02_04_12_36_07_100.jpg,/home/jfrancis/Downloads/IMG/left_2021_02_04_12_36_07_100.jpg,/home/jfrancis/Downloads/IMG/right_2021_02_04_12_36_07_100.jpg,-0.03529412,1,0,30.19025
/home/jfrancis/Downloads/IMG/center_2021_02_04_12_36_07_168.jpg,/home/jfrancis/Downloads/IMG/left_2021_02_04_12_36_07_168.jpg,/home/jfrancis/Downloads/IMG/right_2021_02_04_12_36_07_168.jpg,-0.03529412,1,0,30.19026
/home/jfrancis/Downloads/IMG/center_2021_02_04_12_36_07_235.jpg,/home/jfrancis/Downloads/IMG/left_2021_02_04_12_36_07_235.jpg,/home/jfrancis/Downloads/IMG/right_2021_02_04_12_36_07_235.jpg,-0.03529412,1,0,30.19029
/home/jfrancis/Downloads/IMG/center_2021_02_04_12_36_07_312.jpg,/home/jfrancis/Downloads/IMG/left_2021_02_04_12_36_07_312.jpg,/home/jfrancis/Downloads/IMG/right_2021_02_04_12_36_07_312.jpg,-0.03529412,1,0,30.19027
/home/jfrancis/Downloads/IMG/center_2021_02_04_12_36_07_385.jpg,/home/jfrancis/Downloads/IMG/left_2021_02_04_12_36_07_385.jpg,/home/jfrancis/Downloads/IMG/right_2021_02_04_12_36_07_385.jpg,-0.03529412,1,0,30.19024
/home/jfrancis/Downloads/IMG/center_2021_02_04_12_36_07_463.jpg,/home/jfrancis/Downloads/IMG/left_2021_02_04_12_36_07_463.jpg,/home/jfrancis/Downloads/IMG/right_2021_02_04_12_36_07_463.jpg,-0.03529412,1,0,30.19003
/home/jfrancis/Downloads/IMG/center_2021_02_04_12_36_07_538.jpg,/home/jfrancis/Downloads/IMG/left_2021_02_04_12_36_07_538.jpg,/home/jfrancis/Downloads/IMG/right_2021_02_04_12_36_07_538.jpg,-0.03529412,1,0,30.19031
/home/jfrancis/Downloads/IMG/center_2021_02_04_12_36_07_605.jpg,/home/jfrancis/Downloads/IMG/left_2021_02_04_12_36_07_605.jpg,/home/jfrancis/Downloads/IMG/right_2021_02_04_12_36_07_605.jpg,-0.03529412,1,0,30.19034
/home/jfrancis/Downloads/IMG/center_2021_02_04_12_36_07_682.jpg,/home/jfrancis/Downloads/IMG/left_2021_02_04_12_36_07_682.jpg,/home/jfrancis/Downloads/IMG/right_2021_02_04_12_36_07_682.jpg,-0.03529412,1,0,30.19016
/home/jfrancis/Downloads/IMG/center_2021_02_04_12_36_07_758.jpg,/home/jfrancis/Downloads/IMG/left_2021_02_04_12_36_07_758.jpg,/home/jfrancis/Downloads/IMG/right_2021_02_04_12_36_07_758.jpg,-0.03529412,1,0,30.19028
/home/jfrancis/Downloads/IMG/center_2021_02_04_12_36_07_831.jpg,/home/jfrancis/Downloads/IMG/left_2021_02_04_12_36_07_831.jpg,/home/jfrancis/Downloads/IMG/right_2021_02_04_12_36_07_831.jpg,-0.03529412,1,0,30.19026
/home/jfrancis/Downloads/IMG/center_2021_02_04_12_36_07_900.jpg,/home/jfrancis/Downloads/IMG/left_2021_02_04_12_36_07_900.jpg,/home/jfrancis/Downloads/IMG/right_2021_02_04_12_36_07_900.jpg,-0.03529412,1,0,30.19024
/home/jfrancis/Downloads/IMG/center_2021_02_04_12_36_07_974.jpg,/home/jfrancis/Downloads/IMG/left_2021_02_04_12_36_07_974.jpg,/home/jfrancis/Downloads/IMG/right_2021_02_04_12_36_07_974.jpg,-0.03529412,1,0,30.19024
/home/jfrancis/Downloads/IMG/center_2021_02_04_12_36_08_049.jpg,/home/jfrancis/Downloads/IMG/left_2021_02_04_12_36_08_049.jpg,/home/jfrancis/Downloads/IMG/right_2021_02_04_12_36_08_049.jpg,-0.03529412,1,0,30.19023
/home/jfrancis/Downloads/IMG/center_2021_02_04_12_36_08_125.jpg,/home/jfrancis/Downloads/IMG/left_2021_02_04_12_36_08_125.jpg,/home/jfrancis/Downloads/IMG/right_2021_02_04_12_36_08_125.jpg,-0.03529412,1,0,30.19028
/home/jfrancis/Downloads/IMG/center_2021_02_04_12_36_08_199.jpg,/home/jfrancis/Downloads/IMG/left_2021_02_04_12_36_08_199.jpg,/home/jfrancis/Downloads/IMG/right_2021_02_04_12_36_08_199.jpg,-0.03529412,1,0,30.19027
/home/jfrancis/Downloads/IMG/center_2021_02_04_12_36_08_274.jpg,/home/jfrancis/Downloads/IMG/left_2021_02_04_12_36_08_274.jpg,/home/jfrancis/Downloads/IMG/right_2021_02_04_12_36_08_274.jpg,-0.03529412,1,0,30.19031
/home/jfrancis/Downloads/IMG/center_2021_02_04_12_36_08_349.jpg,/home/jfrancis/Downloads/IMG/left_2021_02_04_12_36_08_349.jpg,/home/jfrancis/Downloads/IMG/right_2021_02_04_12_36_08_349.jpg,-0.03529412,1,0,30.19026
/home/jfrancis/Downloads/IMG/center_2021_02_04_12_36_08_425.jpg,/home/jfrancis/Downloads/IMG/left_2021_02_04_12_36_08_425.jpg,/home/jfrancis/Downloads/IMG/right_2021_02_04_12_36_08_425.jpg,-0.03529412,1,0,30.19025
/home/jfrancis/Downloads/IMG/center_2021_02_04_12_36_08_499.jpg,/home/jfrancis/Downloads/IMG/left_2021_02_04_12_36_08_499.jpg,/home/jfrancis/Downloads/IMG/right_2021_02_04_12_36_08_499.jpg,-0.03529412,1,0,30.19027
/home/jfrancis/Downloads/IMG/center_2021_02_04_12_36_08_576.jpg,/home/jfrancis/Downloads/IMG/left_2021_02_04_12_36_08_576.jpg,/home/jfrancis/Downloads/IMG/right_2021_02_04_12_36_08_576.jpg,-0.03529412,1,0,30.19017
/home/jfrancis/Downloads/IMG/center_2021_02_04_12_36_08_652.jpg,/home/jfrancis/Downloads/IMG/left_2021_02_04_12_36_08_652.jpg,/home/jfrancis/Downloads/IMG/right_2021_02_04_12_36_08_652.jpg,-0.03529412,1,0,30.19025
/home/jfrancis/Downloads/IMG/center_2021_02_04_12_36_08_722.jpg,/home/jfrancis/Downloads/IMG/left_2021_02_04_12_36_08_722.jpg,/home/jfrancis/Downloads/IMG/right_2021_02_04_12_36_08_722.jpg,-0.03529412,1,0,30.19025
/home/jfrancis/Downloads/IMG/center_2021_02_04_12_36_08_795.jpg,/home/jfrancis/Downloads/IMG/left_2021_02_04_12_36_08_795.jpg,/home/jfrancis/Downloads/IMG/right_2021_02_04_12_36_08_795.jpg,-0.03529412,1,0,30.19001
/home/jfrancis/Downloads/IMG/center_2021_02_04_12_36_08_866.jpg,/home/jfrancis/Downloads/IMG/left_2021_02_04_12_36_08_866.jpg,/home/jfrancis/Downloads/IMG/right_2021_02_04_12_36_08_866.jpg,-0.03529412,1,0,30.19024
/home/jfrancis/Downloads/IMG/center_2021_02_04_12_36_08_940.jpg,/home/jfrancis/Downloads/IMG/left_2021_02_04_12_36_08_940.jpg,/home/jfrancis/Downloads/IMG/right_2021_02_04_12_36_08_940.jpg,-0.03529412,1,0,30.19024
/home/jfrancis/Downloads/IMG/center_2021_02_04_12_36_09_013.jpg,/home/jfrancis/Downloads/IMG/left_2021_02_04_12_36_09_013.jpg,/home/jfrancis/Downloads/IMG/right_2021_02_04_12_36_09_013.jpg,-0.03529412,1,0,30.19026
/home/jfrancis/Downloads/IMG/center_2021_02_04_12_36_09_085.jpg,/home/jfrancis/Downloads/IMG/left_2021_02_04_12_36_09_085.jpg,/home/jfrancis/Downloads/IMG/right_2021_02_04_12_36_09_085.jpg,-0.03529412,1,0,30.19029
/home/jfrancis/Downloads/IMG/center_2021_02_04_12_36_09_157.jpg,/home/jfrancis/Downloads/IMG/left_2021_02_04_12_36_09_157.jpg,/home/jfrancis/Downloads/IMG/right_2021_02_04_12_36_09_157.jpg,-0.03529412,1,0,30.19029
/home/jfrancis/Downloads/IMG/center_2021_02_04_12_36_09_226.jpg,/home/jfrancis/Downloads/IMG/left_2021_02_04_12_36_09_226.jpg,/home/jfrancis/Downloads/IMG/right_2021_02_04_12_36_09_226.jpg,-0.03529412,1,0,30.19031
/home/jfrancis/Downloads/IMG/center_2021_02_04_12_36_09_296.jpg,/home/jfrancis/Downloads/IMG/left_2021_02_04_12_36_09_296.jpg,/home/jfrancis/Downloads/IMG/right_2021_02_04_12_36_09_296.jpg,-0.03529412,1,0,30.19027
/home/jfrancis/Downloads/IMG/center_2021_02_04_12_36_09_366.jpg,/home/jfrancis/Downloads/IMG/left_2021_02_04_12_36_09_366.jpg,/home/jfrancis/Downloads/IMG/right_2021_02_04_12_36_09_366.jpg,-0.03529412,1,0,30.19025
/home/jfrancis/Downloads/IMG/center_2021_02_04_12_36_09_437.jpg,/home/jfrancis/Downloads/IMG/left_2021_02_04_12_36_09_437.jpg,/home/jfrancis/Downloads/IMG/right_2021_02_04_12_36_09_437.jpg,-0.03529412,1,0,30.19028
/home/jfrancis/Downloads/IMG/center_2021_02_04_12_36_09_509.jpg,/home/jfrancis/Downloads/IMG/left_2021_02_04_12_36_09_509.jpg,/home/jfrancis/Downloads/IMG/right_2021_02_04_12_36_09_509.jpg,-0.03529412,1,0,30.1903
/home/jfrancis/Downloads/IMG/center_2021_02_04_12_36_09_580.jpg,/home/jfrancis/Downloads/IMG/left_2021_02_04_12_36_09_580.jpg,/home/jfrancis/Downloads/IMG/right_2021_02_04_12_36_09_580.jpg,-0.03529412,1,0,30.19028
/home/jfrancis/Downloads/IMG/center_2021_02_04_12_36_09_652.jpg,/home/jfrancis/Downloads/IMG/left_2021_02_04_12_36_09_652.jpg,/home/jfrancis/Downloads/IMG/right_2021_02_04_12_36_09_652.jpg,-0.03529412,1,0,30.19026
/home/jfrancis/Downloads/IMG/center_2021_02_04_12_36_09_719.jpg,/home/jfrancis/Downloads/IMG/left_2021_02_04_12_36_09_719.jpg,/home/jfrancis/Downloads/IMG/right_2021_02_04_12_36_09_719.jpg,-0.03529412,1,0,30.19028
/home/jfrancis/Downloads/IMG/center_2021_02_04_12_36_09_794.jpg,/home/jfrancis/Downloads/IMG/left_2021_02_04_12_36_09_794.jpg,/home/jfrancis/Downloads/IMG/right_2021_02_04_12_36_09_794.jpg,-0.03529412,1,0,30.19025
/home/jfrancis/Downloads/IMG/center_2021_02_04_12_36_09_868.jpg,/home/jfrancis/Downloads/IMG/left_2021_02_04_12_36_09_868.jpg,/home/jfrancis/Downloads/IMG/right_2021_02_04_12_36_09_868.jpg,-0.03529412,1,0,30.1902
/home/jfrancis/Downloads/IMG/center_2021_02_04_12_36_09_937.jpg,/home/jfrancis/Downloads/IMG/left_2021_02_04_12_36_09_937.jpg,/home/jfrancis/Downloads/IMG/right_2021_02_04_12_36_09_937.jpg,-0.03529412,1,0,30.19025
/home/jfrancis/Downloads/IMG/center_2021_02_04_12_36_10_011.jpg,/home/jfrancis/Downloads/IMG/left_2021_02_04_12_36_10_011.jpg,/home/jfrancis/Downloads/IMG/right_2021_02_04_12_36_10_011.jpg,-0.03529412,1,0,30.19025
/home/jfrancis/Downloads/IMG/center_2021_02_04_12_36_10_087.jpg,/home/jfrancis/Downloads/IMG/left_2021_02_04_12_36_10_087.jpg,/home/jfrancis/Downloads/IMG/right_2021_02_04_12_36_10_087.jpg,-0.03529412,1,0,30.19023
/home/jfrancis/Downloads/IMG/center_2021_02_04_12_36_10_161.jpg,/home/jfrancis/Downloads/IMG/left_2021_02_04_12_36_10_161.jpg,/home/jfrancis/Downloads/IMG/right_2021_02_04_12_36_10_161.jpg,-0.03529412,1,0,30.19031
/home/jfrancis/Downloads/IMG/center_2021_02_04_12_36_10_234.jpg,/home/jfrancis/Downloads/IMG/left_2021_02_04_12_36_10_234.jpg,/home/jfrancis/Downloads/IMG/right_2021_02_04_12_36_10_234.jpg,-0.03529412,1,0,30.1903
/home/jfrancis/Downloads/IMG/center_2021_02_04_12_36_10_303.jpg,/home/jfrancis/Downloads/IMG/left_2021_02_04_12_36_10_303.jpg,/home/jfrancis/Downloads/IMG/right_2021_02_04_12_36_10_303.jpg,-0.03529412,1,0,30.19027
/home/jfrancis/Downloads/IMG/center_2021_02_04_12_36_10_374.jpg,/home/jfrancis/Downloads/IMG/left_2021_02_04_12_36_10_374.jpg,/home/jfrancis/Downloads/IMG/right_2021_02_04_12_36_10_374.jpg,-0.03529412,1,0,30.19027
/home/jfrancis/Downloads/IMG/center_2021_02_04_12_36_10_443.jpg,/home/jfrancis/Downloads/IMG/left_2021_02_04_12_36_10_443.jpg,/home/jfrancis/Downloads/IMG/right_2021_02_04_12_36_10_443.jpg,-0.03529412,1,0,30.19029
/home/jfrancis/Downloads/IMG/center_2021_02_04_12_36_10_514.jpg,/home/jfrancis/Downloads/IMG/left_2021_02_04_12_36_10_514.jpg,/home/jfrancis/Downloads/IMG/right_2021_02_04_12_36_10_514.jpg,-0.03529412,1,0,30.19029
/home/jfrancis/Downloads/IMG/center_2021_02_04_12_36_10_585.jpg,/home/jfrancis/Downloads/IMG/left_2021_02_04_12_36_10_585.jpg,/home/jfrancis/Downloads/IMG/right_2021_02_04_12_36_10_585.jpg,-0.03529412,1,0,30.18993
/home/jfrancis/Downloads/IMG/center_2021_02_04_12_36_10_653.jpg,/home/jfrancis/Downloads/IMG/left_2021_02_04_12_36_10_653.jpg,/home/jfrancis/Downloads/IMG/right_2021_02_04_12_36_10_653.jpg,-0.04705882,1,0,30.19025
/home/jfrancis/Downloads/IMG/center_2021_02_04_12_36_10_722.jpg,/home/jfrancis/Downloads/IMG/left_2021_02_04_12_36_10_722.jpg,/home/jfrancis/Downloads/IMG/right_2021_02_04_12_36_10_722.jpg,-0.04705882,1,0,30.19019
/home/jfrancis/Downloads/IMG/center_2021_02_04_12_36_10_798.jpg,/home/jfrancis/Downloads/IMG/left_2021_02_04_12_36_10_798.jpg,/home/jfrancis/Downloads/IMG/right_2021_02_04_12_36_10_798.jpg,-0.05294118,1,0,30.19012
/home/jfrancis/Downloads/IMG/center_2021_02_04_12_36_10_876.jpg,/home/jfrancis/Downloads/IMG/left_2021_02_04_12_36_10_876.jpg,/home/jfrancis/Downloads/IMG/right_2021_02_04_12_36_10_876.jpg,-0.05294118,1,0,30.19018
/home/jfrancis/Downloads/IMG/center_2021_02_04_12_36_10_944.jpg,/home/jfrancis/Downloads/IMG/left_2021_02_04_12_36_10_944.jpg,/home/jfrancis/Downloads/IMG/right_2021_02_04_12_36_10_944.jpg,-0.05294118,1,0,30.19022
/home/jfrancis/Downloads/IMG/center_2021_02_04_12_36_11_014.jpg,/home/jfrancis/Downloads/IMG/left_2021_02_04_12_36_11_014.jpg,/home/jfrancis/Downloads/IMG/right_2021_02_04_12_36_11_014.jpg,-0.06470589,1,0,30.19001
/home/jfrancis/Downloads/IMG/center_2021_02_04_12_36_11_084.jpg,/home/jfrancis/Downloads/IMG/left_2021_02_04_12_36_11_084.jpg,/home/jfrancis/Downloads/IMG/right_2021_02_04_12_36_11_084.jpg,-0.07647059,1,0,30.18991
/home/jfrancis/Downloads/IMG/center_2021_02_04_12_36_11_157.jpg,/home/jfrancis/Downloads/IMG/left_2021_02_04_12_36_11_157.jpg,/home/jfrancis/Downloads/IMG/right_2021_02_04_12_36_11_157.jpg,-0.07647059,1,0,30.18998
/home/jfrancis/Downloads/IMG/center_2021_02_04_12_36_11_228.jpg,/home/jfrancis/Downloads/IMG/left_2021_02_04_12_36_11_228.jpg,/home/jfrancis/Downloads/IMG/right_2021_02_04_12_36_11_228.jpg,-0.07647059,1,0,30.19007
/home/jfrancis/Downloads/IMG/center_2021_02_04_12_36_11_296.jpg,/home/jfrancis/Downloads/IMG/left_2021_02_04_12_36_11_296.jpg,/home/jfrancis/Downloads/IMG/right_2021_02_04_12_36_11_296.jpg,-0.07647059,1,0,30.19011
/home/jfrancis/Downloads/IMG/center_2021_02_04_12_36_11_363.jpg,/home/jfrancis/Downloads/IMG/left_2021_02_04_12_36_11_363.jpg,/home/jfrancis/Downloads/IMG/right_2021_02_04_12_36_11_363.jpg,-0.07647059,1,0,30.19011
/home/jfrancis/Downloads/IMG/center_2021_02_04_12_36_11_431.jpg,/home/jfrancis/Downloads/IMG/left_2021_02_04_12_36_11_431.jpg,/home/jfrancis/Downloads/IMG/right_2021_02_04_12_36_11_431.jpg,-0.07647059,1,0,30.19016
/home/jfrancis/Downloads/IMG/center_2021_02_04_12_36_11_506.jpg,/home/jfrancis/Downloads/IMG/left_2021_02_04_12_36_11_506.jpg,/home/jfrancis/Downloads/IMG/right_2021_02_04_12_36_11_506.jpg,-0.07647059,1,0,30.19029
/home/jfrancis/Downloads/IMG/center_2021_02_04_12_36_11_573.jpg,/home/jfrancis/Downloads/IMG/left_2021_02_04_12_36_11_573.jpg,/home/jfrancis/Downloads/IMG/right_2021_02_04_12_36_11_573.jpg,-0.07647059,1,0,30.19018
/home/jfrancis/Downloads/IMG/center_2021_02_04_12_36_11_648.jpg,/home/jfrancis/Downloads/IMG/left_2021_02_04_12_36_11_648.jpg,/home/jfrancis/Downloads/IMG/right_2021_02_04_12_36_11_648.jpg,-0.07647059,1,0,30.19013
/home/jfrancis/Downloads/IMG/center_2021_02_04_12_36_11_715.jpg,/home/jfrancis/Downloads/IMG/left_2021_02_04_12_36_11_715.jpg,/home/jfrancis/Downloads/IMG/right_2021_02_04_12_36_11_715.jpg,-0.07647059,1,0,30.18984
/home/jfrancis/Downloads/IMG/center_2021_02_04_12_36_11_785.jpg,/home/jfrancis/Downloads/IMG/left_2021_02_04_12_36_11_785.jpg,/home/jfrancis/Downloads/IMG/right_2021_02_04_12_36_11_785.jpg,-0.07647059,1,0,30.19011
/home/jfrancis/Downloads/IMG/center_2021_02_04_12_36_11_852.jpg,/home/jfrancis/Downloads/IMG/left_2021_02_04_12_36_11_852.jpg,/home/jfrancis/Downloads/IMG/right_2021_02_04_12_36_11_852.jpg,-0.07647059,1,0,30.19019
/home/jfrancis/Downloads/IMG/center_2021_02_04_12_36_11_922.jpg,/home/jfrancis/Downloads/IMG/left_2021_02_04_12_36_11_922.jpg,/home/jfrancis/Downloads/IMG/right_2021_02_04_12_36_11_922.jpg,-0.07647059,1,0,30.19017
/home/jfrancis/Downloads/IMG/center_2021_02_04_12_36_11_992.jpg,/home/jfrancis/Downloads/IMG/left_2021_02_04_12_36_11_992.jpg,/home/jfrancis/Downloads/IMG/right_2021_02_04_12_36_11_992.jpg,-0.07647059,1,0,30.19014
/home/jfrancis/Downloads/IMG/center_2021_02_04_12_36_12_060.jpg,/home/jfrancis/Downloads/IMG/left_2021_02_04_12_36_12_060.jpg,/home/jfrancis/Downloads/IMG/right_2021_02_04_12_36_12_060.jpg,-0.07647059,1,0,30.1902
/home/jfrancis/Downloads/IMG/center_2021_02_04_12_36_12_129.jpg,/home/jfrancis/Downloads/IMG/left_2021_02_04_12_36_12_129.jpg,/home/jfrancis/Downloads/IMG/right_2021_02_04_12_36_12_129.jpg,-0.07647059,1,0,30.19017
/home/jfrancis/Downloads/IMG/center_2021_02_04_12_36_12_202.jpg,/home/jfrancis/Downloads/IMG/left_2021_02_04_12_36_12_202.jpg,/home/jfrancis/Downloads/IMG/right_2021_02_04_12_36_12_202.jpg,-0.07647059,1,0,30.19017
/home/jfrancis/Downloads/IMG/center_2021_02_04_12_36_12_274.jpg,/home/jfrancis/Downloads/IMG/left_2021_02_04_12_36_12_274.jpg,/home/jfrancis/Downloads/IMG/right_2021_02_04_12_36_12_274.jpg,-0.07647059,1,0,30.19023
/home/jfrancis/Downloads/IMG/center_2021_02_04_12_36_12_344.jpg,/home/jfrancis/Downloads/IMG/left_2021_02_04_12_36_12_344.jpg,/home/jfrancis/Downloads/IMG/right_2021_02_04_12_36_12_344.jpg,-0.07647059,1,0,30.19029
/home/jfrancis/Downloads/IMG/center_2021_02_04_12_36_12_417.jpg,/home/jfrancis/Downloads/IMG/left_2021_02_04_12_36_12_417.jpg,/home/jfrancis/Downloads/IMG/right_2021_02_04_12_36_12_417.jpg,-0.07647059,1,0,30.19019
/home/jfrancis/Downloads/IMG/center_2021_02_04_12_36_12_491.jpg,/home/jfrancis/Downloads/IMG/left_2021_02_04_12_36_12_491.jpg,/home/jfrancis/Downloads/IMG/right_2021_02_04_12_36_12_491.jpg,-0.08235294,1,0,30.19008
/home/jfrancis/Downloads/IMG/center_2021_02_04_12_36_12_565.jpg,/home/jfrancis/Downloads/IMG/left_2021_02_04_12_36_12_565.jpg,/home/jfrancis/Downloads/IMG/right_2021_02_04_12_36_12_565.jpg,-0.08235294,1,0,30.19038
/home/jfrancis/Downloads/IMG/center_2021_02_04_12_36_12_636.jpg,/home/jfrancis/Downloads/IMG/left_2021_02_04_12_36_12_636.jpg,/home/jfrancis/Downloads/IMG/right_2021_02_04_12_36_12_636.jpg,-0.08235294,1,0,30.19011
/home/jfrancis/Downloads/IMG/center_2021_02_04_12_36_12_708.jpg,/home/jfrancis/Downloads/IMG/left_2021_02_04_12_36_12_708.jpg,/home/jfrancis/Downloads/IMG/right_2021_02_04_12_36_12_708.jpg,-0.08235294,1,0,30.1901
/home/jfrancis/Downloads/IMG/center_2021_02_04_12_36_12_777.jpg,/home/jfrancis/Downloads/IMG/left_2021_02_04_12_36_12_777.jpg,/home/jfrancis/Downloads/IMG/right_2021_02_04_12_36_12_777.jpg,-0.08235294,1,0,30.19012
/home/jfrancis/Downloads/IMG/center_2021_02_04_12_36_12_847.jpg,/home/jfrancis/Downloads/IMG/left_2021_02_04_12_36_12_847.jpg,/home/jfrancis/Downloads/IMG/right_2021_02_04_12_36_12_847.jpg,-0.08235294,1,0,30.19012
/home/jfrancis/Downloads/IMG/center_2021_02_04_12_36_12_921.jpg,/home/jfrancis/Downloads/IMG/left_2021_02_04_12_36_12_921.jpg,/home/jfrancis/Downloads/IMG/right_2021_02_04_12_36_12_921.jpg,-0.08235294,1,0,30.19017
/home/jfrancis/Downloads/IMG/center_2021_02_04_12_36_12_995.jpg,/home/jfrancis/Downloads/IMG/left_2021_02_04_12_36_12_995.jpg,/home/jfrancis/Downloads/IMG/right_2021_02_04_12_36_12_995.jpg,-0.08235294,1,0,30.1902
/home/jfrancis/Downloads/IMG/center_2021_02_04_12_36_13_064.jpg,/home/jfrancis/Downloads/IMG/left_2021_02_04_12_36_13_064.jpg,/home/jfrancis/Downloads/IMG/right_2021_02_04_12_36_13_064.jpg,-0.08235294,1,0,30.19011
/home/jfrancis/Downloads/IMG/center_2021_02_04_12_36_13_133.jpg,/home/jfrancis/Downloads/IMG/left_2021_02_04_12_36_13_133.jpg,/home/jfrancis/Downloads/IMG/right_2021_02_04_12_36_13_133.jpg,-0.08235294,1,0,30.18832
/home/jfrancis/Downloads/IMG/center_2021_02_04_12_36_13_203.jpg,/home/jfrancis/Downloads/IMG/left_2021_02_04_12_36_13_203.jpg,/home/jfrancis/Downloads/IMG/right_2021_02_04_12_36_13_203.jpg,-0.08235294,1,0,30.19101
/home/jfrancis/Downloads/IMG/center_2021_02_04_12_36_13_276.jpg,/home/jfrancis/Downloads/IMG/left_2021_02_04_12_36_13_276.jpg,/home/jfrancis/Downloads/IMG/right_2021_02_04_12_36_13_276.jpg,-0.08235294,1,0,30.19044
/home/jfrancis/Downloads/IMG/center_2021_02_04_12_36_13_349.jpg,/home/jfrancis/Downloads/IMG/left_2021_02_04_12_36_13_349.jpg,/home/jfrancis/Downloads/IMG/right_2021_02_04_12_36_13_349.jpg,-0.08235294,1,0,30.18848
/home/jfrancis/Downloads/IMG/center_2021_02_04_12_36_13_420.jpg,/home/jfrancis/Downloads/IMG/left_2021_02_04_12_36_13_420.jpg,/home/jfrancis/Downloads/IMG/right_2021_02_04_12_36_13_420.jpg,-0.08235294,1,0,30.19039
/home/jfrancis/Downloads/IMG/center_2021_02_04_12_36_13_487.jpg,/home/jfrancis/Downloads/IMG/left_2021_02_04_12_36_13_487.jpg,/home/jfrancis/Downloads/IMG/right_2021_02_04_12_36_13_487.jpg,-0.08235294,1,0,30.19013
/home/jfrancis/Downloads/IMG/center_2021_02_04_12_36_13_559.jpg,/home/jfrancis/Downloads/IMG/left_2021_02_04_12_36_13_559.jpg,/home/jfrancis/Downloads/IMG/right_2021_02_04_12_36_13_559.jpg,-0.08235294,1,0,30.19004
/home/jfrancis/Downloads/IMG/center_2021_02_04_12_36_13_626.jpg,/home/jfrancis/Downloads/IMG/left_2021_02_04_12_36_13_626.jpg,/home/jfrancis/Downloads/IMG/right_2021_02_04_12_36_13_626.jpg,-0.08235294,1,0,30.18999
/home/jfrancis/Downloads/IMG/center_2021_02_04_12_36_13_694.jpg,/home/jfrancis/Downloads/IMG/left_2021_02_04_12_36_13_694.jpg,/home/jfrancis/Downloads/IMG/right_2021_02_04_12_36_13_694.jpg,-0.08235294,1,0,30.1901
/home/jfrancis/Downloads/IMG/center_2021_02_04_12_36_13_768.jpg,/home/jfrancis/Downloads/IMG/left_2021_02_04_12_36_13_768.jpg,/home/jfrancis/Downloads/IMG/right_2021_02_04_12_36_13_768.jpg,-0.08235294,1,0,30.18995
/home/jfrancis/Downloads/IMG/center_2021_02_04_12_36_13_846.jpg,/home/jfrancis/Downloads/IMG/left_2021_02_04_12_36_13_846.jpg,/home/jfrancis/Downloads/IMG/right_2021_02_04_12_36_13_846.jpg,-0.08235294,1,0,30.18918
/home/jfrancis/Downloads/IMG/center_2021_02_04_12_36_13_916.jpg,/home/jfrancis/Downloads/IMG/left_2021_02_04_12_36_13_916.jpg,/home/jfrancis/Downloads/IMG/right_2021_02_04_12_36_13_916.jpg,-0.1117647,1,0,30.18933
/home/jfrancis/Downloads/IMG/center_2021_02_04_12_36_13_984.jpg,/home/jfrancis/Downloads/IMG/left_2021_02_04_12_36_13_984.jpg,/home/jfrancis/Downloads/IMG/right_2021_02_04_12_36_13_984.jpg,-0.1117647,1,0,30.18964
/home/jfrancis/Downloads/IMG/center_2021_02_04_12_36_14_053.jpg,/home/jfrancis/Downloads/IMG/left_2021_02_04_12_36_14_053.jpg,/home/jfrancis/Downloads/IMG/right_2021_02_04_12_36_14_053.jpg,-0.1117647,1,0,30.18958
/home/jfrancis/Downloads/IMG/center_2021_02_04_12_36_14_125.jpg,/home/jfrancis/Downloads/IMG/left_2021_02_04_12_36_14_125.jpg,/home/jfrancis/Downloads/IMG/right_2021_02_04_12_36_14_125.jpg,-0.1117647,1,0,30.19036
/home/jfrancis/Downloads/IMG/center_2021_02_04_12_36_14_192.jpg,/home/jfrancis/Downloads/IMG/left_2021_02_04_12_36_14_192.jpg,/home/jfrancis/Downloads/IMG/right_2021_02_04_12_36_14_192.jpg,-0.1117647,1,0,30.18999
/home/jfrancis/Downloads/IMG/center_2021_02_04_12_36_14_259.jpg,/home/jfrancis/Downloads/IMG/left_2021_02_04_12_36_14_259.jpg,/home/jfrancis/Downloads/IMG/right_2021_02_04_12_36_14_259.jpg,-0.1117647,1,0,30.18986
/home/jfrancis/Downloads/IMG/center_2021_02_04_12_36_14_327.jpg,/home/jfrancis/Downloads/IMG/left_2021_02_04_12_36_14_327.jpg,/home/jfrancis/Downloads/IMG/right_2021_02_04_12_36_14_327.jpg,-0.1117647,1,0,30.18979
/home/jfrancis/Downloads/IMG/center_2021_02_04_12_36_14_397.jpg,/home/jfrancis/Downloads/IMG/left_2021_02_04_12_36_14_397.jpg,/home/jfrancis/Downloads/IMG/right_2021_02_04_12_36_14_397.jpg,-0.1117647,1,0,30.18972
/home/jfrancis/Downloads/IMG/center_2021_02_04_12_36_14_464.jpg,/home/jfrancis/Downloads/IMG/left_2021_02_04_12_36_14_464.jpg,/home/jfrancis/Downloads/IMG/right_2021_02_04_12_36_14_464.jpg,-0.08823529,1,0,30.19013
/home/jfrancis/Downloads/IMG/center_2021_02_04_12_36_14_533.jpg,/home/jfrancis/Downloads/IMG/left_2021_02_04_12_36_14_533.jpg,/home/jfrancis/Downloads/IMG/right_2021_02_04_12_36_14_533.jpg,-0.08235294,1,0,30.19011
/home/jfrancis/Downloads/IMG/center_2021_02_04_12_36_14_603.jpg,/home/jfrancis/Downloads/IMG/left_2021_02_04_12_36_14_603.jpg,/home/jfrancis/Downloads/IMG/right_2021_02_04_12_36_14_603.jpg,-0.07647059,1,0,30.19065
/home/jfrancis/Downloads/IMG/center_2021_02_04_12_36_14_674.jpg,/home/jfrancis/Downloads/IMG/left_2021_02_04_12_36_14_674.jpg,/home/jfrancis/Downloads/IMG/right_2021_02_04_12_36_14_674.jpg,-0.07647059,1,0,30.19037
/home/jfrancis/Downloads/IMG/center_2021_02_04_12_36_14_744.jpg,/home/jfrancis/Downloads/IMG/left_2021_02_04_12_36_14_744.jpg,/home/jfrancis/Downloads/IMG/right_2021_02_04_12_36_14_744.jpg,-0.07647059,1,0,30.19005
/home/jfrancis/Downloads/IMG/center_2021_02_04_12_36_14_816.jpg,/home/jfrancis/Downloads/IMG/left_2021_02_04_12_36_14_816.jpg,/home/jfrancis/Downloads/IMG/right_2021_02_04_12_36_14_816.jpg,-0.07647059,1,0,30.19096
/home/jfrancis/Downloads/IMG/center_2021_02_04_12_36_14_884.jpg,/home/jfrancis/Downloads/IMG/left_2021_02_04_12_36_14_884.jpg,/home/jfrancis/Downloads/IMG/right_2021_02_04_12_36_14_884.jpg,-0.07647059,1,0,30.19029
/home/jfrancis/Downloads/IMG/center_2021_02_04_12_36_14_958.jpg,/home/jfrancis/Downloads/IMG/left_2021_02_04_12_36_14_958.jpg,/home/jfrancis/Downloads/IMG/right_2021_02_04_12_36_14_958.jpg,-0.07647059,1,0,30.19014
/home/jfrancis/Downloads/IMG/center_2021_02_04_12_36_15_026.jpg,/home/jfrancis/Downloads/IMG/left_2021_02_04_12_36_15_026.jpg,/home/jfrancis/Downloads/IMG/right_2021_02_04_12_36_15_026.jpg,-0.07647059,1,0,30.19008
/home/jfrancis/Downloads/IMG/center_2021_02_04_12_36_15_098.jpg,/home/jfrancis/Downloads/IMG/left_2021_02_04_12_36_15_098.jpg,/home/jfrancis/Downloads/IMG/right_2021_02_04_12_36_15_098.jpg,-0.07647059,1,0,30.19004
/home/jfrancis/Downloads/IMG/center_2021_02_04_12_36_15_171.jpg,/home/jfrancis/Downloads/IMG/left_2021_02_04_12_36_15_171.jpg,/home/jfrancis/Downloads/IMG/right_2021_02_04_12_36_15_171.jpg,-0.07647059,1,0,30.18996
/home/jfrancis/Downloads/IMG/center_2021_02_04_12_36_15_240.jpg,/home/jfrancis/Downloads/IMG/left_2021_02_04_12_36_15_240.jpg,/home/jfrancis/Downloads/IMG/right_2021_02_04_12_36_15_240.jpg,-0.07647059,1,0,30.19115
/home/jfrancis/Downloads/IMG/center_2021_02_04_12_36_15_308.jpg,/home/jfrancis/Downloads/IMG/left_2021_02_04_12_36_15_308.jpg,/home/jfrancis/Downloads/IMG/right_2021_02_04_12_36_15_308.jpg,-0.07647059,1,0,30.19038
/home/jfrancis/Downloads/IMG/center_2021_02_04_12_36_15_383.jpg,/home/jfrancis/Downloads/IMG/left_2021_02_04_12_36_15_383.jpg,/home/jfrancis/Downloads/IMG/right_2021_02_04_12_36_15_383.jpg,-0.08235294,1,0,30.19007
/home/jfrancis/Downloads/IMG/center_2021_02_04_12_36_15_456.jpg,/home/jfrancis/Downloads/IMG/left_2021_02_04_12_36_15_456.jpg,/home/jfrancis/Downloads/IMG/right_2021_02_04_12_36_15_456.jpg,-0.08235294,1,0,30.19045
/home/jfrancis/Downloads/IMG/center_2021_02_04_12_36_15_527.jpg,/home/jfrancis/Downloads/IMG/left_2021_02_04_12_36_15_527.jpg,/home/jfrancis/Downloads/IMG/right_2021_02_04_12_36_15_527.jpg,-0.08235294,1,0,30.19041
/home/jfrancis/Downloads/IMG/center_2021_02_04_12_36_15_594.jpg,/home/jfrancis/Downloads/IMG/left_2021_02_04_12_36_15_594.jpg,/home/jfrancis/Downloads/IMG/right_2021_02_04_12_36_15_594.jpg,-0.08823529,1,0,30.19009
/home/jfrancis/Downloads/IMG/center_2021_02_04_12_36_15_668.jpg,/home/jfrancis/Downloads/IMG/left_2021_02_04_12_36_15_668.jpg,/home/jfrancis/Downloads/IMG/right_2021_02_04_12_36_15_668.jpg,-0.09411765,1,0,30.18988
/home/jfrancis/Downloads/IMG/center_2021_02_04_12_36_15_739.jpg,/home/jfrancis/Downloads/IMG/left_2021_02_04_12_36_15_739.jpg,/home/jfrancis/Downloads/IMG/right_2021_02_04_12_36_15_739.jpg,-0.09411765,1,0,30.18991
/home/jfrancis/Downloads/IMG/center_2021_02_04_12_36_15_808.jpg,/home/jfrancis/Downloads/IMG/left_2021_02_04_12_36_15_808.jpg,/home/jfrancis/Downloads/IMG/right_2021_02_04_12_36_15_808.jpg,-0.09411765,1,0,30.18992
/home/jfrancis/Downloads/IMG/center_2021_02_04_12_36_15_878.jpg,/home/jfrancis/Downloads/IMG/left_2021_02_04_12_36_15_878.jpg,/home/jfrancis/Downloads/IMG/right_2021_02_04_12_36_15_878.jpg,-0.09411765,1,0,30.19169
/home/jfrancis/Downloads/IMG/center_2021_02_04_12_36_15_946.jpg,/home/jfrancis/Downloads/IMG/left_2021_02_04_12_36_15_946.jpg,/home/jfrancis/Downloads/IMG/right_2021_02_04_12_36_15_946.jpg,-0.09411765,1,0,30.19038
/home/jfrancis/Downloads/IMG/center_2021_02_04_12_36_16_013.jpg,/home/jfrancis/Downloads/IMG/left_2021_02_04_12_36_16_013.jpg,/home/jfrancis/Downloads/IMG/right_2021_02_04_12_36_16_013.jpg,-0.09411765,1,0,30.19043
/home/jfrancis/Downloads/IMG/center_2021_02_04_12_36_16_080.jpg,/home/jfrancis/Downloads/IMG/left_2021_02_04_12_36_16_080.jpg,/home/jfrancis/Downloads/IMG/right_2021_02_04_12_36_16_080.jpg,-0.09411765,1,0,30.18804
/home/jfrancis/Downloads/IMG/center_2021_02_04_12_36_16_154.jpg,/home/jfrancis/Downloads/IMG/left_2021_02_04_12_36_16_154.jpg,/home/jfrancis/Downloads/IMG/right_2021_02_04_12_36_16_154.jpg,-0.09411765,1,0,30.19053
/home/jfrancis/Downloads/IMG/center_2021_02_04_12_36_16_224.jpg,/home/jfrancis/Downloads/IMG/left_2021_02_04_12_36_16_224.jpg,/home/jfrancis/Downloads/IMG/right_2021_02_04_12_36_16_224.jpg,-0.09411765,1,0,30.1903
/home/jfrancis/Downloads/IMG/center_2021_02_04_12_36_16_298.jpg,/home/jfrancis/Downloads/IMG/left_2021_02_04_12_36_16_298.jpg,/home/jfrancis/Downloads/IMG/right_2021_02_04_12_36_16_298.jpg,-0.09411765,1,0,30.18982
/home/jfrancis/Downloads/IMG/center_2021_02_04_12_36_16_372.jpg,/home/jfrancis/Downloads/IMG/left_2021_02_04_12_36_16_372.jpg,/home/jfrancis/Downloads/IMG/right_2021_02_04_12_36_16_372.jpg,-0.09411765,1,0,30.19001
/home/jfrancis/Downloads/IMG/center_2021_02_04_12_36_16_446.jpg,/home/jfrancis/Downloads/IMG/left_2021_02_04_12_36_16_446.jpg,/home/jfrancis/Downloads/IMG/right_2021_02_04_12_36_16_446.jpg,-0.09411765,1,0,30.19008
/home/jfrancis/Downloads/IMG/center_2021_02_04_12_36_16_514.jpg,/home/jfrancis/Downloads/IMG/left_2021_02_04_12_36_16_514.jpg,/home/jfrancis/Downloads/IMG/right_2021_02_04_12_36_16_514.jpg,-0.09411765,1,0,30.19011
/home/jfrancis/Downloads/IMG/center_2021_02_04_12_36_16_583.jpg,/home/jfrancis/Downloads/IMG/left_2021_02_04_12_36_16_583.jpg,/home/jfrancis/Downloads/IMG/right_2021_02_04_12_36_16_583.jpg,-0.1,1,0,30.18994
/home/jfrancis/Downloads/IMG/center_2021_02_04_12_36_16_651.jpg,/home/jfrancis/Downloads/IMG/left_2021_02_04_12_36_16_651.jpg,/home/jfrancis/Downloads/IMG/right_2021_02_04_12_36_16_651.jpg,-0.1058824,1,0,30.18987
/home/jfrancis/Downloads/IMG/center_2021_02_04_12_36_16_724.jpg,/home/jfrancis/Downloads/IMG/left_2021_02_04_12_36_16_724.jpg,/home/jfrancis/Downloads/IMG/right_2021_02_04_12_36_16_724.jpg,-0.1058824,1,0,30.19021
/home/jfrancis/Downloads/IMG/center_2021_02_04_12_36_16_795.jpg,/home/jfrancis/Downloads/IMG/left_2021_02_04_12_36_16_795.jpg,/home/jfrancis/Downloads/IMG/right_2021_02_04_12_36_16_795.jpg,-0.1058824,1,0,30.18994
/home/jfrancis/Downloads/IMG/center_2021_02_04_12_36_16_865.jpg,/home/jfrancis/Downloads/IMG/left_2021_02_04_12_36_16_865.jpg,/home/jfrancis/Downloads/IMG/right_2021_02_04_12_36_16_865.jpg,-0.1058824,1,0,30.19005
/home/jfrancis/Downloads/IMG/center_2021_02_04_12_36_16_935.jpg,/home/jfrancis/Downloads/IMG/left_2021_02_04_12_36_16_935.jpg,/home/jfrancis/Downloads/IMG/right_2021_02_04_12_36_16_935.jpg,-0.1058824,1,0,30.19004
/home/jfrancis/Downloads/IMG/center_2021_02_04_12_36_17_005.jpg,/home/jfrancis/Downloads/IMG/left_2021_02_04_12_36_17_005.jpg,/home/jfrancis/Downloads/IMG/right_2021_02_04_12_36_17_005.jpg,-0.1058824,1,0,30.19007
/home/jfrancis/Downloads/IMG/center_2021_02_04_12_36_17_072.jpg,/home/jfrancis/Downloads/IMG/left_2021_02_04_12_36_17_072.jpg,/home/jfrancis/Downloads/IMG/right_2021_02_04_12_36_17_072.jpg,-0.1058824,1,0,30.19003
/home/jfrancis/Downloads/IMG/center_2021_02_04_12_36_17_147.jpg,/home/jfrancis/Downloads/IMG/left_2021_02_04_12_36_17_147.jpg,/home/jfrancis/Downloads/IMG/right_2021_02_04_12_36_17_147.jpg,-0.1058824,1,0,30.19001
/home/jfrancis/Downloads/IMG/center_2021_02_04_12_36_17_219.jpg,/home/jfrancis/Downloads/IMG/left_2021_02_04_12_36_17_219.jpg,/home/jfrancis/Downloads/IMG/right_2021_02_04_12_36_17_219.jpg,-0.1058824,1,0,30.19016
/home/jfrancis/Downloads/IMG/center_2021_02_04_12_36_17_286.jpg,/home/jfrancis/Downloads/IMG/left_2021_02_04_12_36_17_286.jpg,/home/jfrancis/Downloads/IMG/right_2021_02_04_12_36_17_286.jpg,-0.1,1,0,30.19019
/home/jfrancis/Downloads/IMG/center_2021_02_04_12_36_17_353.jpg,/home/jfrancis/Downloads/IMG/left_2021_02_04_12_36_17_353.jpg,/home/jfrancis/Downloads/IMG/right_2021_02_04_12_36_17_353.jpg,-0.08235294,1,0,30.1905
/home/jfrancis/Downloads/IMG/center_2021_02_04_12_36_17_427.jpg,/home/jfrancis/Downloads/IMG/left_2021_02_04_12_36_17_427.jpg,/home/jfrancis/Downloads/IMG/right_2021_02_04_12_36_17_427.jpg,-0.06470589,1,0,30.19061
/home/jfrancis/Downloads/IMG/center_2021_02_04_12_36_17_496.jpg,/home/jfrancis/Downloads/IMG/left_2021_02_04_12_36_17_496.jpg,/home/jfrancis/Downloads/IMG/right_2021_02_04_12_36_17_496.jpg,-0.06470589,1,0,30.19048
/home/jfrancis/Downloads/IMG/center_2021_02_04_12_36_17_568.jpg,/home/jfrancis/Downloads/IMG/left_2021_02_04_12_36_17_568.jpg,/home/jfrancis/Downloads/IMG/right_2021_02_04_12_36_17_568.jpg,-0.06470589,1,0,30.19044
/home/jfrancis/Downloads/IMG/center_2021_02_04_12_36_17_641.jpg,/home/jfrancis/Downloads/IMG/left_2021_02_04_12_36_17_641.jpg,/home/jfrancis/Downloads/IMG/right_2021_02_04_12_36_17_641.jpg,-0.06470589,1,0,30.19029
/home/jfrancis/Downloads/IMG/center_2021_02_04_12_36_17_713.jpg,/home/jfrancis/Downloads/IMG/left_2021_02_04_12_36_17_713.jpg,/home/jfrancis/Downloads/IMG/right_2021_02_04_12_36_17_713.jpg,-0.06470589,1,0,30.19029
/home/jfrancis/Downloads/IMG/center_2021_02_04_12_36_17_786.jpg,/home/jfrancis/Downloads/IMG/left_2021_02_04_12_36_17_786.jpg,/home/jfrancis/Downloads/IMG/right_2021_02_04_12_36_17_786.jpg,-0.06470589,1,0,30.19024
/home/jfrancis/Downloads/IMG/center_2021_02_04_12_36_17_858.jpg,/home/jfrancis/Downloads/IMG/left_2021_02_04_12_36_17_858.jpg,/home/jfrancis/Downloads/IMG/right_2021_02_04_12_36_17_858.jpg,-0.06470589,1,0,30.19024
/home/jfrancis/Downloads/IMG/center_2021_02_04_12_36_17_930.jpg,/home/jfrancis/Downloads/IMG/left_2021_02_04_12_36_17_930.jpg,/home/jfrancis/Downloads/IMG/right_2021_02_04_12_36_17_930.jpg,-0.06470589,1,0,30.19017
/home/jfrancis/Downloads/IMG/center_2021_02_04_12_36_18_003.jpg,/home/jfrancis/Downloads/IMG/left_2021_02_04_12_36_18_003.jpg,/home/jfrancis/Downloads/IMG/right_2021_02_04_12_36_18_003.jpg,-0.06470589,1,0,30.19022
/home/jfrancis/Downloads/IMG/center_2021_02_04_12_36_18_074.jpg,/home/jfrancis/Downloads/IMG/left_2021_02_04_12_36_18_074.jpg,/home/jfrancis/Downloads/IMG/right_2021_02_04_12_36_18_074.jpg,-0.06470589,1,0,30.1902
/home/jfrancis/Downloads/IMG/center_2021_02_04_12_36_18_143.jpg,/home/jfrancis/Downloads/IMG/left_2021_02_04_12_36_18_143.jpg,/home/jfrancis/Downloads/IMG/right_2021_02_04_12_36_18_143.jpg,-0.06470589,1,0,30.19022
/home/jfrancis/Downloads/IMG/center_2021_02_04_12_36_18_215.jpg,/home/jfrancis/Downloads/IMG/left_2021_02_04_12_36_18_215.jpg,/home/jfrancis/Downloads/IMG/right_2021_02_04_12_36_18_215.jpg,-0.07058824,1,0,30.19008
/home/jfrancis/Downloads/IMG/center_2021_02_04_12_36_18_289.jpg,/home/jfrancis/Downloads/IMG/left_2021_02_04_12_36_18_289.jpg,/home/jfrancis/Downloads/IMG/right_2021_02_04_12_36_18_289.jpg,-0.07058824,1,0,30.19011
/home/jfrancis/Downloads/IMG/center_2021_02_04_12_36_18_362.jpg,/home/jfrancis/Downloads/IMG/left_2021_02_04_12_36_18_362.jpg,/home/jfrancis/Downloads/IMG/right_2021_02_04_12_36_18_362.jpg,-0.07058824,1,0,30.19016
/home/jfrancis/Downloads/IMG/center_2021_02_04_12_36_18_429.jpg,/home/jfrancis/Downloads/IMG/left_2021_02_04_12_36_18_429.jpg,/home/jfrancis/Downloads/IMG/right_2021_02_04_12_36_18_429.jpg,-0.07058824,1,0,30.19016
/home/jfrancis/Downloads/IMG/center_2021_02_04_12_36_18_500.jpg,/home/jfrancis/Downloads/IMG/left_2021_02_04_12_36_18_500.jpg,/home/jfrancis/Downloads/IMG/right_2021_02_04_12_36_18_500.jpg,-0.07058824,1,0,30.19019
/home/jfrancis/Downloads/IMG/center_2021_02_04_12_36_18_567.jpg,/home/jfrancis/Downloads/IMG/left_2021_02_04_12_36_18_567.jpg,/home/jfrancis/Downloads/IMG/right_2021_02_04_12_36_18_567.jpg,-0.07058824,1,0,30.19022
/home/jfrancis/Downloads/IMG/center_2021_02_04_12_36_18_634.jpg,/home/jfrancis/Downloads/IMG/left_2021_02_04_12_36_18_634.jpg,/home/jfrancis/Downloads/IMG/right_2021_02_04_12_36_18_634.jpg,-0.07058824,1,0,30.19033
/home/jfrancis/Downloads/IMG/center_2021_02_04_12_36_18_708.jpg,/home/jfrancis/Downloads/IMG/left_2021_02_04_12_36_18_708.jpg,/home/jfrancis/Downloads/IMG/right_2021_02_04_12_36_18_708.jpg,-0.07058824,1,0,30.1902
/home/jfrancis/Downloads/IMG/center_2021_02_04_12_36_18_776.jpg,/home/jfrancis/Downloads/IMG/left_2021_02_04_12_36_18_776.jpg,/home/jfrancis/Downloads/IMG/right_2021_02_04_12_36_18_776.jpg,-0.07058824,1,0,30.19019
/home/jfrancis/Downloads/IMG/center_2021_02_04_12_36_18_849.jpg,/home/jfrancis/Downloads/IMG/left_2021_02_04_12_36_18_849.jpg,/home/jfrancis/Downloads/IMG/right_2021_02_04_12_36_18_849.jpg,-0.07058824,1,0,30.19026
/home/jfrancis/Downloads/IMG/center_2021_02_04_12_36_18_923.jpg,/home/jfrancis/Downloads/IMG/left_2021_02_04_12_36_18_923.jpg,/home/jfrancis/Downloads/IMG/right_2021_02_04_12_36_18_923.jpg,-0.04117647,1,0,30.19045
/home/jfrancis/Downloads/IMG/center_2021_02_04_12_36_18_991.jpg,/home/jfrancis/Downloads/IMG/left_2021_02_04_12_36_18_991.jpg,/home/jfrancis/Downloads/IMG/right_2021_02_04_12_36_18_991.jpg,-0.02352941,1,0,30.19041
/home/jfrancis/Downloads/IMG/center_2021_02_04_12_36_19_058.jpg,/home/jfrancis/Downloads/IMG/left_2021_02_04_12_36_19_058.jpg,/home/jfrancis/Downloads/IMG/right_2021_02_04_12_36_19_058.jpg,-0.02352941,1,0,30.19036
/home/jfrancis/Downloads/IMG/center_2021_02_04_12_36_19_126.jpg,/home/jfrancis/Downloads/IMG/left_2021_02_04_12_36_19_126.jpg,/home/jfrancis/Downloads/IMG/right_2021_02_04_12_36_19_126.jpg,-0.02352941,1,0,30.19038
/home/jfrancis/Downloads/IMG/center_2021_02_04_12_36_19_194.jpg,/home/jfrancis/Downloads/IMG/left_2021_02_04_12_36_19_194.jpg,/home/jfrancis/Downloads/IMG/right_2021_02_04_12_36_19_194.jpg,-0.02352941,1,0,30.19032
/home/jfrancis/Downloads/IMG/center_2021_02_04_12_36_19_265.jpg,/home/jfrancis/Downloads/IMG/left_2021_02_04_12_36_19_265.jpg,/home/jfrancis/Downloads/IMG/right_2021_02_04_12_36_19_265.jpg,-0.02352941,1,0,30.19034
/home/jfrancis/Downloads/IMG/center_2021_02_04_12_36_19_340.jpg,/home/jfrancis/Downloads/IMG/left_2021_02_04_12_36_19_340.jpg,/home/jfrancis/Downloads/IMG/right_2021_02_04_12_36_19_340.jpg,-0.02352941,1,0,30.18997
/home/jfrancis/Downloads/IMG/center_2021_02_04_12_36_19_414.jpg,/home/jfrancis/Downloads/IMG/left_2021_02_04_12_36_19_414.jpg,/home/jfrancis/Downloads/IMG/right_2021_02_04_12_36_19_414.jpg,-0.02352941,1,0,30.19034
/home/jfrancis/Downloads/IMG/center_2021_02_04_12_36_19_485.jpg,/home/jfrancis/Downloads/IMG/left_2021_02_04_12_36_19_485.jpg,/home/jfrancis/Downloads/IMG/right_2021_02_04_12_36_19_485.jpg,-0.04705882,1,0,30.19003
/home/jfrancis/Downloads/IMG/center_2021_02_04_12_36_19_557.jpg,/home/jfrancis/Downloads/IMG/left_2021_02_04_12_36_19_557.jpg,/home/jfrancis/Downloads/IMG/right_2021_02_04_12_36_19_557.jpg,-0.04705882,1,0,30.19032
/home/jfrancis/Downloads/IMG/center_2021_02_04_12_36_19_632.jpg,/home/jfrancis/Downloads/IMG/left_2021_02_04_12_36_19_632.jpg,/home/jfrancis/Downloads/IMG/right_2021_02_04_12_36_19_632.jpg,-0.04705882,1,0,30.1902
/home/jfrancis/Downloads/IMG/center_2021_02_04_12_36_19_702.jpg,/home/jfrancis/Downloads/IMG/left_2021_02_04_12_36_19_702.jpg,/home/jfrancis/Downloads/IMG/right_2021_02_04_12_36_19_702.jpg,-0.04705882,1,0,30.19023
/home/jfrancis/Downloads/IMG/center_2021_02_04_12_36_19_769.jpg,/home/jfrancis/Downloads/IMG/left_2021_02_04_12_36_19_769.jpg,/home/jfrancis/Downloads/IMG/right_2021_02_04_12_36_19_769.jpg,-0.04705882,1,0,30.19022
/home/jfrancis/Downloads/IMG/center_2021_02_04_12_36_19_836.jpg,/home/jfrancis/Downloads/IMG/left_2021_02_04_12_36_19_836.jpg,/home/jfrancis/Downloads/IMG/right_2021_02_04_12_36_19_836.jpg,-0.04705882,1,0,30.19022
/home/jfrancis/Downloads/IMG/center_2021_02_04_12_36_19_908.jpg,/home/jfrancis/Downloads/IMG/left_2021_02_04_12_36_19_908.jpg,/home/jfrancis/Downloads/IMG/right_2021_02_04_12_36_19_908.jpg,-0.04705882,1,0,30.19026
/home/jfrancis/Downloads/IMG/center_2021_02_04_12_36_19_980.jpg,/home/jfrancis/Downloads/IMG/left_2021_02_04_12_36_19_980.jpg,/home/jfrancis/Downloads/IMG/right_2021_02_04_12_36_19_980.jpg,-0.04705882,1,0,30.19025
/home/jfrancis/Downloads/IMG/center_2021_02_04_12_36_20_049.jpg,/home/jfrancis/Downloads/IMG/left_2021_02_04_12_36_20_049.jpg,/home/jfrancis/Downloads/IMG/right_2021_02_04_12_36_20_049.jpg,-0.04705882,1,0,30.19029
/home/jfrancis/Downloads/IMG/center_2021_02_04_12_36_20_119.jpg,/home/jfrancis/Downloads/IMG/left_2021_02_04_12_36_20_119.jpg,/home/jfrancis/Downloads/IMG/right_2021_02_04_12_36_20_119.jpg,-0.04705882,1,0,30.19004
/home/jfrancis/Downloads/IMG/center_2021_02_04_12_36_20_188.jpg,/home/jfrancis/Downloads/IMG/left_2021_02_04_12_36_20_188.jpg,/home/jfrancis/Downloads/IMG/right_2021_02_04_12_36_20_188.jpg,-0.04705882,1,0,30.19022
/home/jfrancis/Downloads/IMG/center_2021_02_04_12_36_20_257.jpg,/home/jfrancis/Downloads/IMG/left_2021_02_04_12_36_20_257.jpg,/home/jfrancis/Downloads/IMG/right_2021_02_04_12_36_20_257.jpg,-0.04705882,1,0,30.19026
/home/jfrancis/Downloads/IMG/center_2021_02_04_12_36_20_329.jpg,/home/jfrancis/Downloads/IMG/left_2021_02_04_12_36_20_329.jpg,/home/jfrancis/Downloads/IMG/right_2021_02_04_12_36_20_329.jpg,-0.04705882,1,0,30.19022
/home/jfrancis/Downloads/IMG/center_2021_02_04_12_36_20_402.jpg,/home/jfrancis/Downloads/IMG/left_2021_02_04_12_36_20_402.jpg,/home/jfrancis/Downloads/IMG/right_2021_02_04_12_36_20_402.jpg,-0.04705882,1,0,30.19028
/home/jfrancis/Downloads/IMG/center_2021_02_04_12_36_20_475.jpg,/home/jfrancis/Downloads/IMG/left_2021_02_04_12_36_20_475.jpg,/home/jfrancis/Downloads/IMG/right_2021_02_04_12_36_20_475.jpg,-0.04705882,1,0,30.19025
/home/jfrancis/Downloads/IMG/center_2021_02_04_12_36_20_546.jpg,/home/jfrancis/Downloads/IMG/left_2021_02_04_12_36_20_546.jpg,/home/jfrancis/Downloads/IMG/right_2021_02_04_12_36_20_546.jpg,-0.04705882,1,0,30.19023
/home/jfrancis/Downloads/IMG/center_2021_02_04_12_36_20_614.jpg,/home/jfrancis/Downloads/IMG/left_2021_02_04_12_36_20_614.jpg,/home/jfrancis/Downloads/IMG/right_2021_02_04_12_36_20_614.jpg,-0.04705882,1,0,30.19026
/home/jfrancis/Downloads/IMG/center_2021_02_04_12_36_20_683.jpg,/home/jfrancis/Downloads/IMG/left_2021_02_04_12_36_20_683.jpg,/home/jfrancis/Downloads/IMG/right_2021_02_04_12_36_20_683.jpg,-0.04705882,1,0,30.19025
/home/jfrancis/Downloads/IMG/center_2021_02_04_12_36_20_758.jpg,/home/jfrancis/Downloads/IMG/left_2021_02_04_12_36_20_758.jpg,/home/jfrancis/Downloads/IMG/right_2021_02_04_12_36_20_758.jpg,-0.04705882,1,0,30.19026
/home/jfrancis/Downloads/IMG/center_2021_02_04_12_36_20_832.jpg,/home/jfrancis/Downloads/IMG/left_2021_02_04_12_36_20_832.jpg,/home/jfrancis/Downloads/IMG/right_2021_02_04_12_36_20_832.jpg,-0.04705882,1,0,30.19027
/home/jfrancis/Downloads/IMG/center_2021_02_04_12_36_20_902.jpg,/home/jfrancis/Downloads/IMG/left_2021_02_04_12_36_20_902.jpg,/home/jfrancis/Downloads/IMG/right_2021_02_04_12_36_20_902.jpg,-0.04705882,1,0,30.19043
/home/jfrancis/Downloads/IMG/center_2021_02_04_12_36_20_975.jpg,/home/jfrancis/Downloads/IMG/left_2021_02_04_12_36_20_975.jpg,/home/jfrancis/Downloads/IMG/right_2021_02_04_12_36_20_975.jpg,-0.04705882,1,0,30.19024
/home/jfrancis/Downloads/IMG/center_2021_02_04_12_36_21_043.jpg,/home/jfrancis/Downloads/IMG/left_2021_02_04_12_36_21_043.jpg,/home/jfrancis/Downloads/IMG/right_2021_02_04_12_36_21_043.jpg,-0.04705882,1,0,30.19024
/home/jfrancis/Downloads/IMG/center_2021_02_04_12_36_21_114.jpg,/home/jfrancis/Downloads/IMG/left_2021_02_04_12_36_21_114.jpg,/home/jfrancis/Downloads/IMG/right_2021_02_04_12_36_21_114.jpg,-0.04705882,1,0,30.19028
/home/jfrancis/Downloads/IMG/center_2021_02_04_12_36_21_186.jpg,/home/jfrancis/Downloads/IMG/left_2021_02_04_12_36_21_186.jpg,/home/jfrancis/Downloads/IMG/right_2021_02_04_12_36_21_186.jpg,-0.04705882,1,0,30.19025
/home/jfrancis/Downloads/IMG/center_2021_02_04_12_36_21_256.jpg,/home/jfrancis/Downloads/IMG/left_2021_02_04_12_36_21_256.jpg,/home/jfrancis/Downloads/IMG/right_2021_02_04_12_36_21_256.jpg,-0.04705882,1,0,30.19022
/home/jfrancis/Downloads/IMG/center_2021_02_04_12_36_21_323.jpg,/home/jfrancis/Downloads/IMG/left_2021_02_04_12_36_21_323.jpg,/home/jfrancis/Downloads/IMG/right_2021_02_04_12_36_21_323.jpg,-0.04705882,1,0,30.19023
/home/jfrancis/Downloads/IMG/center_2021_02_04_12_36_21_401.jpg,/home/jfrancis/Downloads/IMG/left_2021_02_04_12_36_21_401.jpg,/home/jfrancis/Downloads/IMG/right_2021_02_04_12_36_21_401.jpg,-0.04117647,1,0,30.19028
/home/jfrancis/Downloads/IMG/center_2021_02_04_12_36_21_468.jpg,/home/jfrancis/Downloads/IMG/left_2021_02_04_12_36_21_468.jpg,/home/jfrancis/Downloads/IMG/right_2021_02_04_12_36_21_468.jpg,-0.02352941,1,0,30.19037
/home/jfrancis/Downloads/IMG/center_2021_02_04_12_36_21_540.jpg,/home/jfrancis/Downloads/IMG/left_2021_02_04_12_36_21_540.jpg,/home/jfrancis/Downloads/IMG/right_2021_02_04_12_36_21_540.jpg,-0.005882353,1,0,30.19034
/home/jfrancis/Downloads/IMG/center_2021_02_04_12_36_21_607.jpg,/home/jfrancis/Downloads/IMG/left_2021_02_04_12_36_21_607.jpg,/home/jfrancis/Downloads/IMG/right_2021_02_04_12_36_21_607.jpg,0.01176471,1,0,30.1902
/home/jfrancis/Downloads/IMG/center_2021_02_04_12_36_21_675.jpg,/home/jfrancis/Downloads/IMG/left_2021_02_04_12_36_21_675.jpg,/home/jfrancis/Downloads/IMG/right_2021_02_04_12_36_21_675.jpg,0.01176471,1,0,30.1902
/home/jfrancis/Downloads/IMG/center_2021_02_04_12_36_21_743.jpg,/home/jfrancis/Downloads/IMG/left_2021_02_04_12_36_21_743.jpg,/home/jfrancis/Downloads/IMG/right_2021_02_04_12_36_21_743.jpg,0.01176471,1,0,30.19026
/home/jfrancis/Downloads/IMG/center_2021_02_04_12_36_21_811.jpg,/home/jfrancis/Downloads/IMG/left_2021_02_04_12_36_21_811.jpg,/home/jfrancis/Downloads/IMG/right_2021_02_04_12_36_21_811.jpg,0.01176471,1,0,30.19027
/home/jfrancis/Downloads/IMG/center_2021_02_04_12_36_21_886.jpg,/home/jfrancis/Downloads/IMG/left_2021_02_04_12_36_21_886.jpg,/home/jfrancis/Downloads/IMG/right_2021_02_04_12_36_21_886.jpg,0.01176471,1,0,30.19025
/home/jfrancis/Downloads/IMG/center_2021_02_04_12_36_21_960.jpg,/home/jfrancis/Downloads/IMG/left_2021_02_04_12_36_21_960.jpg,/home/jfrancis/Downloads/IMG/right_2021_02_04_12_36_21_960.jpg,0.01176471,1,0,30.19011
/home/jfrancis/Downloads/IMG/center_2021_02_04_12_36_22_028.jpg,/home/jfrancis/Downloads/IMG/left_2021_02_04_12_36_22_028.jpg,/home/jfrancis/Downloads/IMG/right_2021_02_04_12_36_22_028.jpg,0,1,0,30.19034
/home/jfrancis/Downloads/IMG/center_2021_02_04_12_36_22_097.jpg,/home/jfrancis/Downloads/IMG/left_2021_02_04_12_36_22_097.jpg,/home/jfrancis/Downloads/IMG/right_2021_02_04_12_36_22_097.jpg,-0.01764706,1,0,30.19023
/home/jfrancis/Downloads/IMG/center_2021_02_04_12_36_22_167.jpg,/home/jfrancis/Downloads/IMG/left_2021_02_04_12_36_22_167.jpg,/home/jfrancis/Downloads/IMG/right_2021_02_04_12_36_22_167.jpg,-0.02941176,1,0,30.1901
/home/jfrancis/Downloads/IMG/center_2021_02_04_12_36_22_238.jpg,/home/jfrancis/Downloads/IMG/left_2021_02_04_12_36_22_238.jpg,/home/jfrancis/Downloads/IMG/right_2021_02_04_12_36_22_238.jpg,-0.02941176,1,0,30.19018
/home/jfrancis/Downloads/IMG/center_2021_02_04_12_36_22_311.jpg,/home/jfrancis/Downloads/IMG/left_2021_02_04_12_36_22_311.jpg,/home/jfrancis/Downloads/IMG/right_2021_02_04_12_36_22_311.jpg,-0.02941176,1,0,30.19025
/home/jfrancis/Downloads/IMG/center_2021_02_04_12_36_22_386.jpg,/home/jfrancis/Downloads/IMG/left_2021_02_04_12_36_22_386.jpg,/home/jfrancis/Downloads/IMG/right_2021_02_04_12_36_22_386.jpg,-0.02941176,1,0,30.19026
/home/jfrancis/Downloads/IMG/center_2021_02_04_12_36_22_461.jpg,/home/jfrancis/Downloads/IMG/left_2021_02_04_12_36_22_461.jpg,/home/jfrancis/Downloads/IMG/right_2021_02_04_12_36_22_461.jpg,-0.02941176,1,0,30.19028
/home/jfrancis/Downloads/IMG/center_2021_02_04_12_36_22_537.jpg,/home/jfrancis/Downloads/IMG/left_2021_02_04_12_36_22_537.jpg,/home/jfrancis/Downloads/IMG/right_2021_02_04_12_36_22_537.jpg,-0.02941176,1,0,30.19026
/home/jfrancis/Downloads/IMG/center_2021_02_04_12_36_22_604.jpg,/home/jfrancis/Downloads/IMG/left_2021_02_04_12_36_22_604.jpg,/home/jfrancis/Downloads/IMG/right_2021_02_04_12_36_22_604.jpg,-0.02941176,1,0,30.19016
/home/jfrancis/Downloads/IMG/center_2021_02_04_12_36_22_675.jpg,/home/jfrancis/Downloads/IMG/left_2021_02_04_12_36_22_675.jpg,/home/jfrancis/Downloads/IMG/right_2021_02_04_12_36_22_675.jpg,-0.02352941,1,0,30.19034
/home/jfrancis/Downloads/IMG/center_2021_02_04_12_36_22_748.jpg,/home/jfrancis/Downloads/IMG/left_2021_02_04_12_36_22_748.jpg,/home/jfrancis/Downloads/IMG/right_2021_02_04_12_36_22_748.jpg,-0.01764706,1,0,30.19031
/home/jfrancis/Downloads/IMG/center_2021_02_04_12_36_22_821.jpg,/home/jfrancis/Downloads/IMG/left_2021_02_04_12_36_22_821.jpg,/home/jfrancis/Downloads/IMG/right_2021_02_04_12_36_22_821.jpg,-0.01764706,1,0,30.19016
/home/jfrancis/Downloads/IMG/center_2021_02_04_12_36_22_892.jpg,/home/jfrancis/Downloads/IMG/left_2021_02_04_12_36_22_892.jpg,/home/jfrancis/Downloads/IMG/right_2021_02_04_12_36_22_892.jpg,-0.01764706,1,0,30.19033
/home/jfrancis/Downloads/IMG/center_2021_02_04_12_36_22_964.jpg,/home/jfrancis/Downloads/IMG/left_2021_02_04_12_36_22_964.jpg,/home/jfrancis/Downloads/IMG/right_2021_02_04_12_36_22_964.jpg,-0.01764706,1,0,30.19032
/home/jfrancis/Downloads/IMG/center_2021_02_04_12_36_23_034.jpg,/home/jfrancis/Downloads/IMG/left_2021_02_04_12_36_23_034.jpg,/home/jfrancis/Downloads/IMG/right_2021_02_04_12_36_23_034.jpg,-0.01764706,1,0,30.1903
/home/jfrancis/Downloads/IMG/center_2021_02_04_12_36_23_107.jpg,/home/jfrancis/Downloads/IMG/left_2021_02_04_12_36_23_107.jpg,/home/jfrancis/Downloads/IMG/right_2021_02_04_12_36_23_107.jpg,-0.01764706,1,0,30.19029
/home/jfrancis/Downloads/IMG/center_2021_02_04_12_36_23_180.jpg,/home/jfrancis/Downloads/IMG/left_2021_02_04_12_36_23_180.jpg,/home/jfrancis/Downloads/IMG/right_2021_02_04_12_36_23_180.jpg,-0.01764706,1,0,30.19029
/home/jfrancis/Downloads/IMG/center_2021_02_04_12_36_23_250.jpg,/home/jfrancis/Downloads/IMG/left_2021_02_04_12_36_23_250.jpg,/home/jfrancis/Downloads/IMG/right_2021_02_04_12_36_23_250.jpg,-0.01764706,1,0,30.1903
/home/jfrancis/Downloads/IMG/center_2021_02_04_12_36_23_317.jpg,/home/jfrancis/Downloads/IMG/left_2021_02_04_12_36_23_317.jpg,/home/jfrancis/Downloads/IMG/right_2021_02_04_12_36_23_317.jpg,-0.01764706,1,0,30.19029
/home/jfrancis/Downloads/IMG/center_2021_02_04_12_36_23_390.jpg,/home/jfrancis/Downloads/IMG/left_2021_02_04_12_36_23_390.jpg,/home/jfrancis/Downloads/IMG/right_2021_02_04_12_36_23_390.jpg,-0.01764706,1,0,30.19029
/home/jfrancis/Downloads/IMG/center_2021_02_04_12_36_23_461.jpg,/home/jfrancis/Downloads/IMG/left_2021_02_04_12_36_23_461.jpg,/home/jfrancis/Downloads/IMG/right_2021_02_04_12_36_23_461.jpg,-0.01764706,1,0,30.19035
/home/jfrancis/Downloads/IMG/center_2021_02_04_12_36_23_531.jpg,/home/jfrancis/Downloads/IMG/left_2021_02_04_12_36_23_531.jpg,/home/jfrancis/Downloads/IMG/right_2021_02_04_12_36_23_531.jpg,-0.01764706,1,0,30.19027
/home/jfrancis/Downloads/IMG/center_2021_02_04_12_36_23_598.jpg,/home/jfrancis/Downloads/IMG/left_2021_02_04_12_36_23_598.jpg,/home/jfrancis/Downloads/IMG/right_2021_02_04_12_36_23_598.jpg,-0.01764706,1,0,30.19029
/home/jfrancis/Downloads/IMG/center_2021_02_04_12_36_23_672.jpg,/home/jfrancis/Downloads/IMG/left_2021_02_04_12_36_23_672.jpg,/home/jfrancis/Downloads/IMG/right_2021_02_04_12_36_23_672.jpg,-0.01764706,1,0,30.19029
/home/jfrancis/Downloads/IMG/center_2021_02_04_12_36_23_744.jpg,/home/jfrancis/Downloads/IMG/left_2021_02_04_12_36_23_744.jpg,/home/jfrancis/Downloads/IMG/right_2021_02_04_12_36_23_744.jpg,-0.01764706,1,0,30.19029
/home/jfrancis/Downloads/IMG/center_2021_02_04_12_36_23_820.jpg,/home/jfrancis/Downloads/IMG/left_2021_02_04_12_36_23_820.jpg,/home/jfrancis/Downloads/IMG/right_2021_02_04_12_36_23_820.jpg,-0.01764706,1,0,30.19028
/home/jfrancis/Downloads/IMG/center_2021_02_04_12_36_23_890.jpg,/home/jfrancis/Downloads/IMG/left_2021_02_04_12_36_23_890.jpg,/home/jfrancis/Downloads/IMG/right_2021_02_04_12_36_23_890.jpg,-0.01764706,1,0,30.19026
/home/jfrancis/Downloads/IMG/center_2021_02_04_12_36_23_958.jpg,/home/jfrancis/Downloads/IMG/left_2021_02_04_12_36_23_958.jpg,/home/jfrancis/Downloads/IMG/right_2021_02_04_12_36_23_958.jpg,-0.01764706,1,0,30.19028
/home/jfrancis/Downloads/IMG/center_2021_02_04_12_36_24_032.jpg,/home/jfrancis/Downloads/IMG/left_2021_02_04_12_36_24_032.jpg,/home/jfrancis/Downloads/IMG/right_2021_02_04_12_36_24_032.jpg,-0.01764706,1,0,30.19031
/home/jfrancis/Downloads/IMG/center_2021_02_04_12_36_24_100.jpg,/home/jfrancis/Downloads/IMG/left_2021_02_04_12_36_24_100.jpg,/home/jfrancis/Downloads/IMG/right_2021_02_04_12_36_24_100.jpg,-0.01764706,1,0,30.1903
/home/jfrancis/Downloads/IMG/center_2021_02_04_12_36_24_173.jpg,/home/jfrancis/Downloads/IMG/left_2021_02_04_12_36_24_173.jpg,/home/jfrancis/Downloads/IMG/right_2021_02_04_12_36_24_173.jpg,-0.01764706,1,0,30.19027
/home/jfrancis/Downloads/IMG/center_2021_02_04_12_36_24_240.jpg,/home/jfrancis/Downloads/IMG/left_2021_02_04_12_36_24_240.jpg,/home/jfrancis/Downloads/IMG/right_2021_02_04_12_36_24_240.jpg,-0.01764706,1,0,30.19031
/home/jfrancis/Downloads/IMG/center_2021_02_04_12_36_24_308.jpg,/home/jfrancis/Downloads/IMG/left_2021_02_04_12_36_24_308.jpg,/home/jfrancis/Downloads/IMG/right_2021_02_04_12_36_24_308.jpg,-0.01764706,1,0,30.1903
/home/jfrancis/Downloads/IMG/center_2021_02_04_12_36_24_379.jpg,/home/jfrancis/Downloads/IMG/left_2021_02_04_12_36_24_379.jpg,/home/jfrancis/Downloads/IMG/right_2021_02_04_12_36_24_379.jpg,-0.01764706,1,0,30.19033
/home/jfrancis/Downloads/IMG/center_2021_02_04_12_36_24_447.jpg,/home/jfrancis/Downloads/IMG/left_2021_02_04_12_36_24_447.jpg,/home/jfrancis/Downloads/IMG/right_2021_02_04_12_36_24_447.jpg,-0.01764706,1,0,30.1903
/home/jfrancis/Downloads/IMG/center_2021_02_04_12_36_24_518.jpg,/home/jfrancis/Downloads/IMG/left_2021_02_04_12_36_24_518.jpg,/home/jfrancis/Downloads/IMG/right_2021_02_04_12_36_24_518.jpg,-0.01764706,1,0,30.19029
/home/jfrancis/Downloads/IMG/center_2021_02_04_12_36_24_593.jpg,/home/jfrancis/Downloads/IMG/left_2021_02_04_12_36_24_593.jpg,/home/jfrancis/Downloads/IMG/right_2021_02_04_12_36_24_593.jpg,-0.01764706,1,0,30.19021
/home/jfrancis/Downloads/IMG/center_2021_02_04_12_36_24_664.jpg,/home/jfrancis/Downloads/IMG/left_2021_02_04_12_36_24_664.jpg,/home/jfrancis/Downloads/IMG/right_2021_02_04_12_36_24_664.jpg,-0.01764706,1,0,30.19029
/home/jfrancis/Downloads/IMG/center_2021_02_04_12_36_24_737.jpg,/home/jfrancis/Downloads/IMG/left_2021_02_04_12_36_24_737.jpg,/home/jfrancis/Downloads/IMG/right_2021_02_04_12_36_24_737.jpg,-0.01764706,1,0,30.1903
/home/jfrancis/Downloads/IMG/center_2021_02_04_12_36_24_812.jpg,/home/jfrancis/Downloads/IMG/left_2021_02_04_12_36_24_812.jpg,/home/jfrancis/Downloads/IMG/right_2021_02_04_12_36_24_812.jpg,-0.01764706,1,0,30.19027
/home/jfrancis/Downloads/IMG/center_2021_02_04_12_36_24_887.jpg,/home/jfrancis/Downloads/IMG/left_2021_02_04_12_36_24_887.jpg,/home/jfrancis/Downloads/IMG/right_2021_02_04_12_36_24_887.jpg,-0.01764706,1,0,30.19028
/home/jfrancis/Downloads/IMG/center_2021_02_04_12_36_24_962.jpg,/home/jfrancis/Downloads/IMG/left_2021_02_04_12_36_24_962.jpg,/home/jfrancis/Downloads/IMG/right_2021_02_04_12_36_24_962.jpg,-0.01764706,1,0,30.19031
/home/jfrancis/Downloads/IMG/center_2021_02_04_12_36_25_035.jpg,/home/jfrancis/Downloads/IMG/left_2021_02_04_12_36_25_035.jpg,/home/jfrancis/Downloads/IMG/right_2021_02_04_12_36_25_035.jpg,-0.01764706,1,0,30.19029
/home/jfrancis/Downloads/IMG/center_2021_02_04_12_36_25_108.jpg,/home/jfrancis/Downloads/IMG/left_2021_02_04_12_36_25_108.jpg,/home/jfrancis/Downloads/IMG/right_2021_02_04_12_36_25_108.jpg,-0.01764706,1,0,30.11973
/home/jfrancis/Downloads/IMG/center_2021_02_04_12_36_25_178.jpg,/home/jfrancis/Downloads/IMG/left_2021_02_04_12_36_25_178.jpg,/home/jfrancis/Downloads/IMG/right_2021_02_04_12_36_25_178.jpg,-0.01764706,1,0,30.20967
/home/jfrancis/Downloads/IMG/center_2021_02_04_12_36_25_249.jpg,/home/jfrancis/Downloads/IMG/left_2021_02_04_12_36_25_249.jpg,/home/jfrancis/Downloads/IMG/right_2021_02_04_12_36_25_249.jpg,-0.01764706,1,0,30.19039
/home/jfrancis/Downloads/IMG/center_2021_02_04_12_36_25_324.jpg,/home/jfrancis/Downloads/IMG/left_2021_02_04_12_36_25_324.jpg,/home/jfrancis/Downloads/IMG/right_2021_02_04_12_36_25_324.jpg,-0.01764706,1,0,30.10909
/home/jfrancis/Downloads/IMG/center_2021_02_04_12_36_25_399.jpg,/home/jfrancis/Downloads/IMG/left_2021_02_04_12_36_25_399.jpg,/home/jfrancis/Downloads/IMG/right_2021_02_04_12_36_25_399.jpg,-0.01764706,1,0,30.18563
/home/jfrancis/Downloads/IMG/center_2021_02_04_12_36_25_478.jpg,/home/jfrancis/Downloads/IMG/left_2021_02_04_12_36_25_478.jpg,/home/jfrancis/Downloads/IMG/right_2021_02_04_12_36_25_478.jpg,-0.01764706,1,0,30.18903
/home/jfrancis/Downloads/IMG/center_2021_02_04_12_36_25_552.jpg,/home/jfrancis/Downloads/IMG/left_2021_02_04_12_36_25_552.jpg,/home/jfrancis/Downloads/IMG/right_2021_02_04_12_36_25_552.jpg,-0.01764706,1,0,30.18966
/home/jfrancis/Downloads/IMG/center_2021_02_04_12_36_25_629.jpg,/home/jfrancis/Downloads/IMG/left_2021_02_04_12_36_25_629.jpg,/home/jfrancis/Downloads/IMG/right_2021_02_04_12_36_25_629.jpg,-0.01764706,1,0,30.18988
/home/jfrancis/Downloads/IMG/center_2021_02_04_12_36_25_705.jpg,/home/jfrancis/Downloads/IMG/left_2021_02_04_12_36_25_705.jpg,/home/jfrancis/Downloads/IMG/right_2021_02_04_12_36_25_705.jpg,-0.01764706,1,0,30.18991
/home/jfrancis/Downloads/IMG/center_2021_02_04_12_36_25_781.jpg,/home/jfrancis/Downloads/IMG/left_2021_02_04_12_36_25_781.jpg,/home/jfrancis/Downloads/IMG/right_2021_02_04_12_36_25_781.jpg,-0.01764706,1,0,30.18992
/home/jfrancis/Downloads/IMG/center_2021_02_04_12_36_25_855.jpg,/home/jfrancis/Downloads/IMG/left_2021_02_04_12_36_25_855.jpg,/home/jfrancis/Downloads/IMG/right_2021_02_04_12_36_25_855.jpg,-0.01764706,1,0,30.18989
/home/jfrancis/Downloads/IMG/center_2021_02_04_12_36_25_927.jpg,/home/jfrancis/Downloads/IMG/left_2021_02_04_12_36_25_927.jpg,/home/jfrancis/Downloads/IMG/right_2021_02_04_12_36_25_927.jpg,-0.01764706,1,0,30.18989
/home/jfrancis/Downloads/IMG/center_2021_02_04_12_36_25_998.jpg,/home/jfrancis/Downloads/IMG/left_2021_02_04_12_36_25_998.jpg,/home/jfrancis/Downloads/IMG/right_2021_02_04_12_36_25_998.jpg,-0.01764706,1,0,30.1899
/home/jfrancis/Downloads/IMG/center_2021_02_04_12_36_26_068.jpg,/home/jfrancis/Downloads/IMG/left_2021_02_04_12_36_26_068.jpg,/home/jfrancis/Downloads/IMG/right_2021_02_04_12_36_26_068.jpg,-0.01764706,1,0,30.18992
/home/jfrancis/Downloads/IMG/center_2021_02_04_12_36_26_144.jpg,/home/jfrancis/Downloads/IMG/left_2021_02_04_12_36_26_144.jpg,/home/jfrancis/Downloads/IMG/right_2021_02_04_12_36_26_144.jpg,-0.01176471,1,0,30.18991
/home/jfrancis/Downloads/IMG/center_2021_02_04_12_36_26_211.jpg,/home/jfrancis/Downloads/IMG/left_2021_02_04_12_36_26_211.jpg,/home/jfrancis/Downloads/IMG/right_2021_02_04_12_36_26_211.jpg,-0.01176471,1,0,30.18991
/home/jfrancis/Downloads/IMG/center_2021_02_04_12_36_26_279.jpg,/home/jfrancis/Downloads/IMG/left_2021_02_04_12_36_26_279.jpg,/home/jfrancis/Downloads/IMG/right_2021_02_04_12_36_26_279.jpg,-0.01176471,1,0,30.18993
/home/jfrancis/Downloads/IMG/center_2021_02_04_12_36_26_349.jpg,/home/jfrancis/Downloads/IMG/left_2021_02_04_12_36_26_349.jpg,/home/jfrancis/Downloads/IMG/right_2021_02_04_12_36_26_349.jpg,-0.01176471,1,0,30.18992
/home/jfrancis/Downloads/IMG/center_2021_02_04_12_36_26_416.jpg,/home/jfrancis/Downloads/IMG/left_2021_02_04_12_36_26_416.jpg,/home/jfrancis/Downloads/IMG/right_2021_02_04_12_36_26_416.jpg,-0.005882353,1,0,30.18993
/home/jfrancis/Downloads/IMG/center_2021_02_04_12_36_26_492.jpg,/home/jfrancis/Downloads/IMG/left_2021_02_04_12_36_26_492.jpg,/home/jfrancis/Downloads/IMG/right_2021_02_04_12_36_26_492.jpg,-0.005882353,1,0,30.18992
/home/jfrancis/Downloads/IMG/center_2021_02_04_12_36_26_564.jpg,/home/jfrancis/Downloads/IMG/left_2021_02_04_12_36_26_564.jpg,/home/jfrancis/Downloads/IMG/right_2021_02_04_12_36_26_564.jpg,-0.005882353,1,0,30.18994
/home/jfrancis/Downloads/IMG/center_2021_02_04_12_36_26_637.jpg,/home/jfrancis/Downloads/IMG/left_2021_02_04_12_36_26_637.jpg,/home/jfrancis/Downloads/IMG/right_2021_02_04_12_36_26_637.jpg,-0.005882353,1,0,30.18991
/home/jfrancis/Downloads/IMG/center_2021_02_04_12_36_26_707.jpg,/home/jfrancis/Downloads/IMG/left_2021_02_04_12_36_26_707.jpg,/home/jfrancis/Downloads/IMG/right_2021_02_04_12_36_26_707.jpg,-0.005882353,1,0,30.18993
/home/jfrancis/Downloads/IMG/center_2021_02_04_12_36_26_774.jpg,/home/jfrancis/Downloads/IMG/left_2021_02_04_12_36_26_774.jpg,/home/jfrancis/Downloads/IMG/right_2021_02_04_12_36_26_774.jpg,-0.005882353,1,0,30.18993
/home/jfrancis/Downloads/IMG/center_2021_02_04_12_36_26_851.jpg,/home/jfrancis/Downloads/IMG/left_2021_02_04_12_36_26_851.jpg,/home/jfrancis/Downloads/IMG/right_2021_02_04_12_36_26_851.jpg,-0.005882353,1,0,30.18992
/home/jfrancis/Downloads/IMG/center_2021_02_04_12_36_26_920.jpg,/home/jfrancis/Downloads/IMG/left_2021_02_04_12_36_26_920.jpg,/home/jfrancis/Downloads/IMG/right_2021_02_04_12_36_26_920.jpg,-0.005882353,1,0,30.18994
/home/jfrancis/Downloads/IMG/center_2021_02_04_12_36_26_997.jpg,/home/jfrancis/Downloads/IMG/left_2021_02_04_12_36_26_997.jpg,/home/jfrancis/Downloads/IMG/right_2021_02_04_12_36_26_997.jpg,-0.005882353,1,0,30.18992
/home/jfrancis/Downloads/IMG/center_2021_02_04_12_36_27_071.jpg,/home/jfrancis/Downloads/IMG/left_2021_02_04_12_36_27_071.jpg,/home/jfrancis/Downloads/IMG/right_2021_02_04_12_36_27_071.jpg,-0.005882353,1,0,30.18994
/home/jfrancis/Downloads/IMG/center_2021_02_04_12_36_27_139.jpg,/home/jfrancis/Downloads/IMG/left_2021_02_04_12_36_27_139.jpg,/home/jfrancis/Downloads/IMG/right_2021_02_04_12_36_27_139.jpg,-0.005882353,1,0,30.18994
/home/jfrancis/Downloads/IMG/center_2021_02_04_12_36_27_212.jpg,/home/jfrancis/Downloads/IMG/left_2021_02_04_12_36_27_212.jpg,/home/jfrancis/Downloads/IMG/right_2021_02_04_12_36_27_212.jpg,-0.005882353,1,0,30.18995
/home/jfrancis/Downloads/IMG/center_2021_02_04_12_36_27_284.jpg,/home/jfrancis/Downloads/IMG/left_2021_02_04_12_36_27_284.jpg,/home/jfrancis/Downloads/IMG/right_2021_02_04_12_36_27_284.jpg,-0.005882353,1,0,30.18995
/home/jfrancis/Downloads/IMG/center_2021_02_04_12_36_27_353.jpg,/home/jfrancis/Downloads/IMG/left_2021_02_04_12_36_27_353.jpg,/home/jfrancis/Downloads/IMG/right_2021_02_04_12_36_27_353.jpg,-0.005882353,1,0,30.18991
/home/jfrancis/Downloads/IMG/center_2021_02_04_12_36_27_430.jpg,/home/jfrancis/Downloads/IMG/left_2021_02_04_12_36_27_430.jpg,/home/jfrancis/Downloads/IMG/right_2021_02_04_12_36_27_430.jpg,-0.005882353,1,0,30.18993
/home/jfrancis/Downloads/IMG/center_2021_02_04_12_36_27_505.jpg,/home/jfrancis/Downloads/IMG/left_2021_02_04_12_36_27_505.jpg,/home/jfrancis/Downloads/IMG/right_2021_02_04_12_36_27_505.jpg,-0.005882353,1,0,30.18994
/home/jfrancis/Downloads/IMG/center_2021_02_04_12_36_27_573.jpg,/home/jfrancis/Downloads/IMG/left_2021_02_04_12_36_27_573.jpg,/home/jfrancis/Downloads/IMG/right_2021_02_04_12_36_27_573.jpg,-0.005882353,1,0,30.18995
/home/jfrancis/Downloads/IMG/center_2021_02_04_12_36_27_646.jpg,/home/jfrancis/Downloads/IMG/left_2021_02_04_12_36_27_646.jpg,/home/jfrancis/Downloads/IMG/right_2021_02_04_12_36_27_646.jpg,-0.005882353,1,0,30.18995
/home/jfrancis/Downloads/IMG/center_2021_02_04_12_36_27_717.jpg,/home/jfrancis/Downloads/IMG/left_2021_02_04_12_36_27_717.jpg,/home/jfrancis/Downloads/IMG/right_2021_02_04_12_36_27_717.jpg,-0.005882353,1,0,30.18992
/home/jfrancis/Downloads/IMG/center_2021_02_04_12_36_27_786.jpg,/home/jfrancis/Downloads/IMG/left_2021_02_04_12_36_27_786.jpg,/home/jfrancis/Downloads/IMG/right_2021_02_04_12_36_27_786.jpg,-0.005882353,1,0,30.18993
/home/jfrancis/Downloads/IMG/center_2021_02_04_12_36_27_863.jpg,/home/jfrancis/Downloads/IMG/left_2021_02_04_12_36_27_863.jpg,/home/jfrancis/Downloads/IMG/right_2021_02_04_12_36_27_863.jpg,-0.005882353,1,0,30.18996
/home/jfrancis/Downloads/IMG/center_2021_02_04_12_36_28_001.jpg,/home/jfrancis/Downloads/IMG/left_2021_02_04_12_36_28_001.jpg,/home/jfrancis/Downloads/IMG/right_2021_02_04_12_36_28_001.jpg,-0.005882353,1,0,28.32734
